Card ID,Name,Reverse Name,Game,Card Type,Subtype,Cycle,Card Size,Found In,Used For,Flavor,Level,Uber?,Targeting,Pre-Action Effects,Pre-Action WoO?,Move Type,Pre-Attack Effect,Attack Type,Range Size,Attack Banners,Attack Diagram,Laser Count,Dice,Difficulty,Attack Consequences,Pre-After Attack WoO?,After Final?,After Attack Effects,FAQ,Errata
AR0394,Left Hook,,Odyssey,Attack,AI,Cycle I,Standard,,Hekaton,The Hekaton clenches its mighty fist,I,FALSE,"Closest Titan in front, in range. Closest Titan in sight",,TRUE,Move,,Regular,,Fate 3+ +1 d10Icon,,,2,10,Each hit deals 1 DangerIcon,TRUE,FALSE,Knockback 5,,
AR0395,Right Hook,,Odyssey,Attack,AI,Cycle I,Standard,,Hekaton,The Hekaton clenches its mighty fist,I,FALSE,"Closest Titan in front, in range. Closest Titan in sight",,TRUE,Move,,Regular,,Fate 3+ +1 d10Icon,,,2,10,Each hit deals 1 DangerIcon,TRUE,FALSE,Knockback 5,,
AR0396,"One, Two Punch",,Odyssey,Attack,AI,Cycle I,Standard,,Hekaton,"A fist jabs at you from the left, immediately followed by a right cross",I,FALSE,"Closest Titan in front, in range. Closest Titan in sight",,TRUE,Move,,Regular,,Fate 3+ +1 d10Icon,,,2,9,Each hit deals 1 DangerIcon,TRUE,FALSE,Perform Signature,,
AR0397,Thunderpunch,,Odyssey,Attack,AI,Cycle I,Standard,,Hekaton,The Hekaton rears on its hind arms and delivers a powerful downward blow,I,FALSE,"Closest Titan in front, in range. Closest Titan in sight",,TRUE,Move,,Regular,,,,,3,9,Fate 3+ Pushback 3. Each hit deals 1 DangerIcon. WoO Knockdown,FALSE,FALSE,,,
AR0398,Cold Open,,Odyssey,Attack,AI,Cycle I,Standard,,Hekaton,It goes from zero to ten in a heartbeat and the punches keep on coming,I,FALSE,"Closest Titan in front, in range. Closest Titan in sight",,TRUE,Move,,Regular,,Fate 3+ +1 d10Icon,,,4,6,Each hit deals 1 DangerIcon,TRUE,FALSE,Pushback 3,,
AR0399,Smash,,Odyssey,Attack,AI,Cycle I,Standard,,Hekaton,The Hekaton smashes his front hands as if with frustration,I,FALSE,"Priority Target in range. Closest Titan in front, in range. Closest Titan in sight",,TRUE,Move,,Regular,,Fate 3+ +1 d10Icon,,,2,9,Each hit deals 2 DangerIcon,TRUE,FALSE,Knockback 5,,
AR0400,Omnipunch,,Odyssey,Attack,AI,Cycle I,Standard,,Hekaton,"As if it was a sea urchin, the Primordial extends all of its limbs in every direction, punching everything at arms' length",II,FALSE,All adjacent Titans. No Target: Perform Signature,,TRUE,None,,Simultaneous,,,,,3,9,Each hit deals 1 DangerIcon. Fate 4+ 2 DangerIcon instead. WoO Knockback 5,FALSE,FALSE,,,
AR0401,Furious Smash,,Odyssey,Attack,AI,Cycle I,Standard,,Hekaton,The Primordial delivers a blow with its mighty armored fist,II,FALSE,"Priority Target in range. Closest Titan in front, in range. Closest Titan in sight",,TRUE,Move,,Regular,,,,,4,8,Each hit deals 1 DangerIcon. Fate 4+ 2 DangerIcon instead,TRUE,FALSE,Pushback 3,,
AR0402,Rumble Strike,,Odyssey,Attack,AI,Cycle I,Standard,,Hekaton,The Hekaton starts smashin the ground in a rhythmic fashion,II,FALSE,Zone 2,,TRUE,None,,Zone,,,,,2,9,Each hit deals 1 DangerIcon. WoO Knockdown,TRUE,TRUE,Perform Signature,,
AR0403,Chainfist,,Odyssey,Attack,AI,Cycle I,Standard,,Hekaton,The monster cartwheels into you like a giant ball of fists and pain,II,FALSE,"Priority Target in range. Closest Titan in front, in range. Closest Titan in sight",,TRUE,Move,,Regular,,Fate 3+ +1 d10Icon,,,2,9,Each hit deals 1 DangerIcon,TRUE,FALSE,"If DangerIcon was dealt, repeat Chainfist (once)",,
AR0404,Suckerpunch,,Odyssey,Attack,AI,Cycle I,Standard,,Hekaton,It knows where it hurts the most,II,FALSE,"Closest Titan in front, in range. Closest Titan in sight",,TRUE,Move,,Regular,,,,,2,8,Each hit deals 2 DangerIcon. Fate 5+ 3 DangerIcon instead. WoO Knockdown,TRUE,FALSE,Knockback 5,,
AR0405,Solarplexar,,Odyssey,Attack,AI,Cycle I,Standard,,Hekaton,Somehow the creature understands your connection to the Titan and attacks the most vulnerable neural plexus,II,FALSE,"Priority Target in range. Closest Titan in front, in range. Closest Titan in sight",,TRUE,Move,,Regular,,Fate 3+ +1 d10Icon,,,2,8,Each hit deals 2 DangerIcon. WoO Knockdown,TRUE,FALSE,"If 2+ DangerIcon was dealt, draw a Kratos card",,
AR0406,Death From A Hundred Fists,,Odyssey,Attack,AI,Cycle I,Standard,,Hekaton,"Mindless and unrelentless, it comes at you with all of its might. You may endure one, two, ten punches. One hundred is madness",III,FALSE,"Priority Target in range. Closest Titan in front, in range. Closest Titan in sight",,TRUE,Move,,Regular,,,,,5,7,Roll as many additional Evasion Dice as there are hits. Repeat until there are no hits. Then each hit deals 1 DangerIcon. Fate 6+ 2 DangerIcon Instead,TRUE,FALSE,Pushback 4,,
AR0407,Thunderclash,,Odyssey,Attack,AI,Cycle I,Standard,,Hekaton,"The Hekaton winds around, almost turning to you with its side. Then the hook comes knocking",III,FALSE,"Priority Target in range. Closest Titan in front, in range. Closest Titan in sight",,TRUE,Move,,Regular,,,,,2,8,Each hit deals 3 DangerIcon. Fate 6+ 4 DangerIcon instead. WoO Knockdown,TRUE,FALSE,Knockback 8,,
AR0408,Backbreaker,,Odyssey,Attack,AI,Cycle I,Standard,,Hekaton,"One of the mighty front hands bends inwards, almost as if the Hekaton was kneeling. The other hands raise you in the air, then slam down",III,TRUE,"Priority Target in range. Closest Titan in front, in range. Closest Titan in sight",,TRUE,Move,,Regular,,,,,3,9,"Fate 8+ You Die. If you didn't die, each hit deals 2 DangerIcon, then draw an Obol instead of a regular Trauma Draw",TRUE,FALSE,Knockdown,,
AR0409,Solarsuplexar,,Odyssey,Attack,AI,Cycle I,Standard,,Hekaton,It knows you're just controlling the Titan and it intends to break that connection - with flair,III,FALSE,"Priority Target in range. Closest Titan in front, in range. Closest Titan in sight",,TRUE,Move,,Regular,,Fate 7+ +1 d10Icon,,,3,9,Each hit deals 1 DangerIcon. WoO Forced Vault. WoO Knockdown,TRUE,FALSE,"If DangerIcon was dealt, draw a Kratos card",,
AR0410,Skullcrusher,,Odyssey,Attack,AI,Cycle I,Standard,,Hekaton,The mighty hands of the monster clutch your helmeted head and squeeze. The screech of metal is deafening,III,FALSE,"Closest Titan in front, in range. Closest Titan in sight",,TRUE,Move,,Regular,,Fate 8+ +1 d10Icon,,,2,8,Each hit deal 4 dangerIcon. WoO Knockdown,TRUE,FALSE,Knockback 8,,
AR0411,Hekatosmasher,,Odyssey,Attack,AI,Cycle I,Standard,,Hekaton,The Primordial moves all its weight onto one side and delivers the mother of all haymakers,III,FALSE,Zone 3,,TRUE,None,,Zone,,Fate 7+ +1 d10Icon,,,2,8,Each hit deals 2 DangerIcon. WoO Knockdown. WoO Fate 5+ Knockback 5,TRUE,TRUE,Draw another AI card,,
AR0412,Swat,,Odyssey,Attack,Signature,Cycle I,Standard,,Hekaton,The Hekaton does what it was made to do: SMASH!,X,FALSE,"Closest Titan in front, in range. Closest Titan in sight",,TRUE,Move,,Regular,,Fate 3+ +1 d10Icon,,,2,9,Each hit deals 1 DangerIcon,TRUE,FALSE,Knockback 5,,
AR0464,Ram,,Odyssey,Attack,AI,Cycle I,Standard,,Labyrinthauros,,I,FALSE,"Furthest Titan in front, in range. Furthest Titan in sight, in range. Closest Titan in sight.",,TRUE,Move,,Regular,,Fate 3+ +1 d10Icon,,,2,10,Each hit deals 1 DangerIcon,TRUE,FALSE,Trample. Labyrinth 1.,,
AR0465,Ram & Drag,,Odyssey,Attack,AI,Cycle I,Standard,,Labyrinthauros,,I,FALSE,"Furthest Titan in front, in range. Furthest Titan in sight, in range. Closest Titan in sight.",,TRUE,Move,,Regular,,,,,2,9,Each hit deals 1 DangerIcon. Fate 3+ 2 DangerIcon Instead. WoO Knockback 6.,TRUE,FALSE,Trample.,,
AR0466,Stomp,,Odyssey,Attack,AI,Cycle I,Standard,,Labyrinthauros,,I,FALSE,"Closest Knocked down Titan in range. Closest Titan in front, in range. Closest Titan in sight",,TRUE,Move,,Regular,,,,,3,8,Each hit deals 1 DangerIcon. Fate 4+ 2 DangerIcon Instead. WoO Knockdown.,FALSE,FALSE,,,
AR0467,Headbutt,,Odyssey,Attack,AI,Cycle I,Standard,,Labyrinthauros,,I,FALSE,"Closest Titan in front, in range. Closest Titan in sight.",,TRUE,Move,,Regular,,Fate 4+ +1 d10Icon,,,2,9,Each hit deals 2 DangerIcon.,TRUE,FALSE,Labyrinth 1.,,
AR0468,Tunnel Vision,,Odyssey,Attack,AI,Cycle I,Standard,,Labyrinthauros,,I,FALSE,"Priority Target in range. Furthest Titan in sight, in range. Closest Titan in sight.",,TRUE,Move,,Regular,,,,,3,9,Each hit deals 1 DangerIcon. Fate 3+ 2 DangerIcon instead.,TRUE,FALSE,Trample. Labyrinth 1.,,
AR0469,Rampage,,Odyssey,Attack,AI,Cycle I,Standard,,Labyrinthauros,,I,FALSE,"Furthest Titan in front, in range. Furthest Titan in sight, in range. Closest Titan in sight.",,TRUE,,,Sequential,,Fate 3+ +1 d10Icon,,,2,10,Each hit deals 1 DangerIcon,TRUE,TRUE,Trample. Labyrinth 1.,,
AR0470,Supercharger,,Odyssey,Attack,AI,Cycle I,Standard,,Labyrinthauros,,II,FALSE,"Furthest Titan in front, in range. Furthest Titan in sight, in range. Closest Titan in sight.",,TRUE,,,Sequential,,Fate 5+ +1 d10Icon,,,2,9,"Each hit deals 2 DangerIcon. If the labyrinthauros moved through at least 1 Labyrinth tile, 3 DangerIcon instead.",TRUE,TRUE,Trample. Labyrinth 1.,,
AR0471,Encasen,,Odyssey,Attack,AI,Cycle I,Standard,,Labyrinthauros,,II,FALSE,"Priority Target in range, in sight. Closest Titan in range, in sight. No Target: Perform Signature.",,TRUE,Move,,Regular,,,,,3,8,"Each hit deals 1 DangerIcon. Fate 5+ 2 DangerIcon instead. For each hit, Labyrinth 1 (if possible).",TRUE,FALSE,Fate 6+ Perform Signature.,,
AR0472,Roundhouse Kick,,Odyssey,Attack,AI,Cycle I,Standard,,Labyrinthauros,,II,FALSE,All Adjacent Titans. No Target: Perform Signature.,,FALSE,None,,Simultaneous,,,,,2,10,Each hit deals 2 DangerIcon. Fate 5+ Knockdown.,TRUE,TRUE,Trample. Labyrinth 1.,,
AR0473,Gnaw,,Odyssey,Attack,AI,Cycle I,Standard,,Labyrinthauros,,II,FALSE,"Priority Target in range. Closest Knocked down Titan in front, in range. Closest Titan in sight.",,TRUE,Move,,Regular,,,,,2,9,"Each hit deals 3 DangerIcon. Fate 6+ Unless this Attack causes you to go over the Obol threshold, draw a Grave Trauma instead of a regular Trauma Draw,",TRUE,FALSE,Labyrinth 1.,,
AR0474,Frequency Charge,,Odyssey,Attack,AI,Cycle I,Standard,,Labyrinthauros,,II,FALSE,"Furthest Titan in front, in range. Furthest Titan in sight, in range. Closest Titan in sight.",,FALSE,,,Sequential,,,,,3,8,Each hit deals 1 DangerIcon. Fate 6+ 2 DangerIcon instead.,TRUE,TRUE,Trample. Labyrinth 1. Fate 5+ Labyrinth 2 instead.,,
AR0475,Otherworldly Ram,,Odyssey,Attack,AI,Cycle I,Standard,,Labyrinthauros,,II,FALSE,Priority Target. Furthest Titan in sight.,,TRUE,,,Regular,,Fate 6+ +1 d10Icon,,,2,10,Each hit deals 2 DangerIcon.,TRUE,FALSE,Trample. Labyrinth 1. Fate 6+ Labyrinth 2 instead.,,
AR0476,Lightspeed Ram,,Odyssey,Attack,AI,Cycle I,Standard,,Labyrinthauros,,III,FALSE,"Furthest Titan in front, in range. Furthest Titan in sight, in range. Closest Titan in sight.",,FALSE,,,Sequential,,,,,4,9,"Each hit deals 2 DangerIcon. If the labyrinthauros moved through at least 1 Labyrinth tile, 3 DangerIcon instead.",TRUE,TRUE,Trample. Labyrinth 1.,,
AR0477,Minotaur Logic,,Odyssey,Attack,AI,Cycle I,Standard,,Labyrinthauros,,III,FALSE,"Priority Target in range. Closest Titan in front, in range. Closest Titan in sight.",,TRUE,Move,,Regular,,Fate 7+ Gain a Fated Mnemos card,,,2,8,Each hit deals 2 DangerIcon. WoO Gain the Fear Condition card.,TRUE,FALSE,Trample. Labyrinth 1. Fate5+ Labyrinth 2 instead,,
AR0478,Bow To The Labyrinth,,Odyssey,Attack,AI,Cycle I,Standard,,Labyrinthauros,,III,FALSE,"Closest Titan in front, in range. Closest Titan in sight.",,FALSE,None,,Judgement,,,,,2,9,CourageIcon Courage/WillIcon Will. Each hit deals 3 DangerIcon. WoO Fate 7+ Argo loses -1 CrewIcon.,TRUE,FALSE,Knockback 10. Labyrinth 1. Fate 5+ Labyrinth 2 instead,,
AR0479,Home Run,,Odyssey,Attack,AI,Cycle I,Standard,,Labyrinthauros,,III,TRUE,Closest Titan.,,TRUE,,,Sequential,,,,,3,9,Each hit deals 2 DangerIcon. Fate 7+ 3 DangerIcon instead.,TRUE,FALSE,"If DangerIcon was dealt, repeat Home Run against a Titan that has not been attacked this Round. Repeat until all Titans have been attacked or no DangerIcon was dealt.",,
AR0480,Hone In,,Odyssey,Attack,AI,Cycle I,Standard,,Labyrinthauros,,III,FALSE,"Furthest Titan in front, in range. Furthest Titan in sight, in range. Closest Titan in sight.",,TRUE,,,Regular,,Fate 7+ +1 d10Icon,,,2,8,Each hit deals 3 DangerIcon.,TRUE,FALSE,Trample. Labyrinth 1.,,
AR0481,True Horn Of The Other Side,,Odyssey,Attack,AI,Cycle I,Standard,,Labyrinthauros,,III,FALSE,"Priority Target in range. Closest Knocked down Titan in front, in range. Closest Titan in sight.",,TRUE,Move,,Regular,,,,,2,9,Each hit deals 3 DangerIcon. Fate 7+ Draw an Obol instead of a regular Trauma Draw.,TRUE,FALSE,Labyrinth 1. WoO Trample. Labyrinth 1.,,
AR0482,Instinctive Ram,,Odyssey,Attack,Signature,Cycle I,Standard,,Labyrinthauros,,X,FALSE,"Furthest Titan in front, in range. Furthest Titan in sight, in range. Closest Titan in Sight",,TRUE,Move,,Regular,,Fate 3+ +1 d10Icon,,,2,10,Each hit deals 1 DangerIcon,TRUE,FALSE,Trample. Labyrinth 1,,
AR0483,Home Run,The Call,Odyssey,Attack,Routine,Mnestis Theatre,Standard,,Labyrinthauros,,X,FALSE,Closest Titan. No Target: Random Titan dies,,TRUE,,,Sequential,,,,,3,9,Each hit deals 2 DangerIcon. Fate 7+ 3 DangerIcon instead.,TRUE,FALSE,"If DangerIcon was dealt, repeat Routine against a Titan that has not been attacked this Round. Repeat until all Titans have been attacked or no DangerIcon was dealt.",,
AR0522,Right Tentacle Swipe,,Odyssey,Attack,AI,Cycle I,Standard,,Alpha Temenos,,I,FALSE,"Closest Titan in front, in range. Closest Titan in sight.",WoO Gain 1 Despair token.,TRUE,Move,,Zone,,Fate 3+ +1 Despair token,,,3,10,Each hit deals 2 DangerIcon. Knockdown.,TRUE,TRUE,Knockback 8 to the left. Labyrinth 1.,,
AR0523,Left Tentacle Swipe,,Odyssey,Attack,AI,Cycle I,Standard,,Alpha Temenos,,I,FALSE,"Closest Titan in front, in range. Closest Titan in sight.",WoO Gain 1 Despair token.,TRUE,Move,,Zone,,Fate 3+ +1 Despair token,,,3,10,Each hit deals 2 DangerIcon. Knockdown.,TRUE,TRUE,Knockback 8 to the right. Labyrinth 1.,,
AR0524,Foretentacle Smash,,Odyssey,Attack,AI,Cycle I,Standard,,Alpha Temenos,,I,FALSE,"Priority Target in range. Closest Titan in front, in range. Closest Titan in sight.",WoO Gain 1 Despair token.,TRUE,Move,,Zone,,Fate 3+ +1 Despair token,,,2,9,Each hit deals 2 DangerIcon. Knockdown.,TRUE,TRUE,Labyrinth 1.,,
AR0525,Tentacle Lash,,Odyssey,Attack,AI,Cycle I,Standard,,Alpha Temenos,,I,FALSE,"Titan on Vantage Point. Closest Titan in front, in range. Closest Titan in sight.",WoO Gain 1 Despair token.,TRUE,Move,,Regular,,Fate 3+ +1 Despair token,,,3,9,Each hit deals 2 DangerIcon.,TRUE,FALSE,Knockback 8.,,
AR0526,Small Pyramid,,Odyssey,Attack,AI,Cycle I,Standard,,Alpha Temenos,,I,FALSE,"Closest Titan in front, in range. Closest Titan in sight.",WoO Gain 1 Despair token.,TRUE,Move,,Zone,,Fate 3+ +1 d10Icon,,,4,8,Each hit deals 1 DangerIcon.,TRUE,TRUE,Labyrinth 1.,,
AR0527,Maze Breath,,Odyssey,Attack,AI,Cycle I,Standard,,Alpha Temenos,,I,FALSE,"Priority Target in range. Closest Titan in front, in range. Closest Titan in sight.",WoO Gain 2 Despair tokens.,TRUE,Move,,Regular,,Fate 3+ +1 d10Icon,,,2,8,Each hit deals 3 DangerIcon and 2 FateIcon. WoO Gain the Fear Condition card.,TRUE,FALSE,Labyrinth 1.,,
AR0528,Tentacle Toss,,Odyssey,Attack,AI,Cycle I,Standard,,Alpha Temenos,,II,FALSE,"Titan on Vantage Point. Priority Target in range. Closest Titan in front, in range. Closest Titan in sight.",WoO Gain 1 Despair token.,TRUE,Move,,Regular,,Fate 5+ +1 Despair token,,,3,9,Each hit deals 2 DangerIcon. Fate 4+ 3 DangerIcon instead.,TRUE,FALSE,Knockback 10.,,
AR0529,Tentacle Strangle,,Odyssey,Attack,AI,Cycle I,Standard,,Alpha Temenos,,II,FALSE,"Titan on Vantage Point. Priority Target in range. Closest Titan in front, in range. Closest Titan in sight.",WoO Gain 1 Despair token.,TRUE,Move,,Regular,,Fate 4+ +1 d10Icon,,,2,8,Each hit deals 3 DangerIcon.,TRUE,FALSE,Labyrinth 1.,,
AR0530,Pyramid,,Odyssey,Attack,AI,Cycle I,Standard,,Alpha Temenos,,II,FALSE,"Closest Titan in front, in range. Closest Titan in sight.",WoO Gain 1 Despair token.,TRUE,Move,,Zone,,Fate 5+ +1 Despair token,,,4,8,Each hit deals 2 DangerIcon.,TRUE,TRUE,Labyrinth 1.,,
AR0531,Foretentacle Quad,,Odyssey,Attack,AI,Cycle I,Standard,,Alpha Temenos,,II,FALSE,"Closest Titan in front, in range. Closest Titan in sight.",WoO Gain 2 Despair tokens.,TRUE,Move,,Zone,,Fate 3+ +1 d10Icon,,,3,9,Each hit deals 2 DangerIcon.,TRUE,TRUE,Labyrinth 1.,,
AR0532,Submerge,,Odyssey,Attack,AI,Cycle I,Standard,,Alpha Temenos,,II,FALSE,All Titans on Labyrinth tiles. No Target: Perform Signature,WoO Gain 1 Despair token.,TRUE,None,,,,Fate 5+ +1 Despair token,,,3,8,Each hit deals 2 DangerIcon. Fate 5+ 3 DangerIcon instead. WoO Knockdown.,TRUE,TRUE,Remove Labyrinth tiles under Targets. WoO Perform Routine. WoO Move adjacent to the furthest Titan.,,
AR0533,Maze Light,,Odyssey,Attack,AI,Cycle I,Standard,,Alpha Temenos,,II,FALSE,"Priority Target in range. Closest Titan in front, in range.",WoO Gain 1 Despair token.,TRUE,Move,,Regular,,Fate 5+ +1 d10Icon,,,2,6,"If hit, draw an Obol. WoO Gain the Fear Condition card.",TRUE,FALSE,Knockback 10.,,
AR0534,Starfish Headbutt,,Odyssey,Attack,AI,Cycle I,Standard,,Alpha Temenos,,III,FALSE,"Closest Titan in front, in range. Closest Titan in sight.",WoO Gain 1 Despair token.,TRUE,Move,,Zone,,Fate 7+ +1 Despair token,,,5,7,Each hit deals 2 DangerIcon and 1 FateIcon. WoO Knockdown.,TRUE,TRUE,Labyrinth 1.,,
AR0535,Mazerain,,Odyssey,Attack,AI,Cycle I,Standard,,Alpha Temenos,,III,TRUE,All Titans on Labyrinth tiles. No Target: Perform Signature,WoO Gain 1 Despair token.,TRUE,None,,,,Fate 6+ +1 d10Icon,,,2,10,"Each hit deals 4 DangerIcon. WoO Place a Labyrinth tile under the Target (for each placement choose a shape currently marked on the Labyrinth track, then move the token to the next space).",TRUE,TRUE,Perform Routine,,
AR0536,Giant Pyramid,,Odyssey,Attack,AI,Cycle I,Standard,,Alpha Temenos,,III,FALSE,"Closest Titan in front, in range. Closest Titan in sight. No Target: Perform Signature.",WoO Gain 1 Despair token.,TRUE,Move,,Zone,,Fate 7+ +1 Despair token,,,4,8,Each hit deals 3 DangerIcon.,TRUE,TRUE,Labyrinth 1.,,
AR0537,Great Submerge,,Odyssey,Attack,AI,Cycle I,Standard,,Alpha Temenos,,III,FALSE,All Titans on Labyrinth tiles. No Target: Perform Signature,WoO Gain 1 Despair token.,TRUE,None,,,,,,,3,8,"If hit, draw an Obol. WoO Knockdown. WoO gain +1 DangerIcon.",TRUE,TRUE,Remove all Labyrinth tiles,,
AR0538,Emerge,,Odyssey,Attack,AI,Cycle I,Standard,,Alpha Temenos,,III,FALSE,"Closest Titan in front, in range. Closest Titan in sight.",WoO Gain 2 Despair tokens.,TRUE,Move,,Zone,,,,,3,8,Each hit deals 3 DangerIcon. Fate6+ 4 DangerIcon instead.,TRUE,TRUE,"Place a Labyrinth tile under each Titan in Zone 2 (for each placement choose a shape currently marked on the Labyrinth track, then move the token to the next space).",,
AR0539,Devour,,Odyssey,Attack,AI,Cycle I,Standard,,Alpha Temenos,,III,FALSE,"Titan on Vantage Point. Priority Target in range. Closest Titan in front, in range. Closest Titan in sight.",WoO Gain 2 Despair tokens.,TRUE,Move,,Regular,,,,,2,9,"If hit, raise DangerIcon to 9 and resolve a Trauma Draw. Fate 8+ You die instead. WoO Gain the Fear Condition card.",TRUE,FALSE,Knockback 10.,,
AR0540,Tentacle Strike,,Odyssey,Attack,Signature,Cycle I,Standard,,Alpha Temenos,,X,FALSE,"Furthest Titan not in front, in range. Furthest Titan in range. Titan on Vantage Point. Closest Titan in sight.",,FALSE,Move,,Regular,,Fate 4+ +1 d10Icon,,,3,10,Each hit deals 2 DangerIcon.,TRUE,FALSE,Labyrinth 1.,,
BR0725,Throwing Punches,,Odyssey,Attack,AI,Cycle II,Standard,,Cyclonus,,I,FALSE,All adjacent Titans,,TRUE,None,,Simultaneous,,Fate 3+ Exhaust your ArmorIcon,,,2,9,Each hit deals 2 DangerIcon,TRUE,TRUE,Target with the most DangerIcon suggers Knockback 7 towards the closest short Board Edge. WoO Pushback 3,,
BR0726,Basher,,Odyssey,Attack,AI,Cycle II,Standard,,Cyclonus,,I,FALSE,"Last to Wound in sight, in range. Closest Titan in front, in range. Closest Titan in sight",,TRUE,Move,,Regular,,,,,2,10,"If the Attack hits, it deals 3 DangerIcon. Fate 4+ 4 DangerIcon instead",TRUE,FALSE,Pushback 2. Gain +1 RageIcon,,
BR0727,Head To Head,,Odyssey,Attack,AI,Cycle II,Standard,,Cyclonus,,I,FALSE,"Titan in Blindspot. Closest Titan in front, in range",,TRUE,Move,,Regular,,,,,2,8,"If the Attack hits, it deals 4 DangerIcon. Gain +1 RageIcon. Fate 4+ +2 RageIcon instead",FALSE,FALSE,Pushback 2. Perform a Kratos Roll,,
BR0728,Maul Hook,,Odyssey,Attack,AI,Cycle II,Standard,,Cyclonus,,I,FALSE,"Titan in Blindspot. Closest Titan in front, in range. Closest Titan in sight",,TRUE,Move,,Regular,,Fate 4+ Exhaust your ArmorIcon,,,3,9,Each hit deals 1 DangerIcon. Gain +1 RageIcon. WoO Knockdown,FALSE,FALSE,Knockback 7 towards the closest short Board Edge,,
BR0729,Chain Whip,,Odyssey,Attack,AI,Cycle II,Standard,,Cyclonus,,I,FALSE,"Furthest Titan in front, in range. Furthest Titan in sight, in range",,FALSE,None,,Range,6,Fate 3+ Exhaust your ArmorIcon,,,3,9,One hit deals 1 DangerIcon; Two hits deal 3 DangerIcon; Three hits deal 5 DangerIcon,TRUE,FALSE,Pull 2 per hit,,
BR0730,Monstrous Bite,,Odyssey,Attack,AI,Cycle II,Standard,,Cyclonus,,I,FALSE,"Titan in Blindspot. Closest Titan in front, in range. Closest Titan in sight",,FALSE,Move,,Regular,,Level 4+ +1 d10Icon,,,1,11,"Fate 4+ Gain +1 Rage. If the Attack hits, it deals 5 DangerIcon. WoO Pull 4",FALSE,FALSE,,,
BR0731,Knockout Punch,,Odyssey,Attack,AI,Cycle II,Standard,,Cyclonus,,II,FALSE,"Titan in Blindspot. Last to Wound in sight, in range. Closest Titan in sight",,FALSE,Move,,Regular,,Fate 5+ Exhaust your ArmorIcon,,,3,10,"Gain +1 RageIcon. If the Attack hits, it deals 5 DangerIcon",TRUE,FALSE,Knockback 10 towards the closest short Board Edge. WoO Pushback 4,,
BR0732,Rage Uppercut,,Odyssey,Attack,AI,Cycle II,Standard,,Cyclonus,,II,FALSE,"Last to Wound in sight, in range. Closest Titan in sight",,TRUE,Move,,Regular,,,,,3,9,"Gain +1 RageIcon. Fate 5+ +2 RageIcon instead. If the Attack hits, it deals as many DangerIcon as you have RageIcon. WoO Knockdown",TRUE,FALSE,Forced Vault. Discard Footwear GearIcon. Pushback 2,,
BR0733,Ground Zero,,Odyssey,Attack,AI,Cycle II,Standard,,Cyclonus,,II,FALSE,All adjacent Titans,,TRUE,None,,Simultaneous,,,,,4,10,Each hit deals 1 DangerIcon. WoO Fate 5+ Exhaust your ArmorIcon,TRUE,TRUE,Target with the most DangerIcon suffers Knockback 8 towards the closest short Board Edge,,
BR0734,Ball Trick,,Odyssey,Attack,AI,Cycle II,Standard,,Cyclonus,,II,FALSE,"Furthest Titan in front, in range. Furthest Titan in sight",,FALSE,None,,Range,6,Level 4+ Range +2,,,2,9,Fate 6+ Exhaust your Weapon. Each hit deals 3 DangerIcon,TRUE,FALSE,Pull 3 per hit,,
BR0735,Chain Garrote,,Odyssey,Attack,AI,Cycle II,Standard,,Cyclonus,,II,FALSE,Titan in Blindspot. Last to Wound in sight. Closest Titan in sight,,TRUE,Move,,Regular,,Fate 6+ +1 d10Icon,,,2,8,"Gain +2 RageIcon. One hit deals 3 DangerIcon; two hits deal 5 DangerIcon; three hits , raise DangerIcon to 9, draw a Kratos card instead of a Trauma card",TRUE,FALSE,"If DangerIcon was dealt, Pull 4",,
BR0736,Figurehead Skewer,,Odyssey,Attack,AI,Cycle II,Standard,,Cyclonus,,II,FALSE,"Furthest Titan in front, in range. Furthest Titan in sight",,TRUE,Move,,Regular,,Fate 5+ +1 d10Icon,,,3,7,Gain +2 RageIcon. Each hit deals 2 DangerIcon. WoO Pushback 5,TRUE,FALSE,Pushback 2,,
BR0737,Drop The Ball,,Odyssey,Attack,AI,Cycle II,Standard,,Cyclonus,,III,FALSE,All adjacent Titans,,TRUE,None,,Simultaneous,,Fate 7+ +1 d10Icon. Level 4+ +1 d10Icon,,,1,10,"Fate 6+ Exhaust all your GearIcon. If the Attack hits, it deals 7 DangerIcon. Gain RageIcon equal to the Primordial LVL",FALSE,TRUE,Target with the most DangerIcon suffers Knockback 10 towards the closest short Board Edge,,
BR0738,Old Ball And Chain,,Odyssey,Attack,AI,Cycle II,Standard,,Cyclonus,,III,FALSE,"Furthest Titan in front, in range. Furthest Titan in sight, in range",,TRUE,None,,Range,7,Level 4+ Range +2,,,3,9,Fate 6+ Exhaust all your GearIcon. Each hit deals 3 DangerIcon. Gain RageIcon equal to the Primordial LVL,FALSE,FALSE,Pull 3 per hit,,
BR0739,Gutmaul,,Odyssey,Attack,AI,Cycle II,Standard,,Cyclonus,,III,FALSE,"Titan in Blindspot. Last to Wound in sight, in range. Closest Titan in sight",,FALSE,Move,,Regular,,Fate 6+ +1 d10Icon,,,3,9,Gain +1 RageIcon per hit. The Attack deals as many DangerIcon as you have RageIcon,TRUE,FALSE,Pushback 3,,
BR0740,Ghostpunch,,Odyssey,Attack,AI,Cycle II,Standard,,Cyclonus,,III,TRUE,"Last to Wound in sight, in range. PriorityTargetIcon Priority Target in range. Closest Titan in front, in range",,TRUE,Move,,Regular,,Fate 7+ +1 d10Icon,,,3,9,"One hit deals 5 DangerIcon. Two hits, draw an Obol. Three hits, you die",FALSE,FALSE,Exhaust all your GearIcon. Forced Vault. Cyclonus moves 4 spaces directly away from the Target,,
BR0741,Headshot,,Odyssey,Attack,AI,Cycle II,Standard,,Cyclonus,,III,FALSE,"Last to Wound in sight, in range. PriorityTargetIcon Priority Target in range. Closest Titan in front, in range. Closest Titan in sight",,TRUE,Move,,Regular,,Fate 5+ +1 d10Icon. Level 4+ +1d10Icon,,,1,10,"If the Attack hits and you have a Helm or Headgear, it deals 5 DangerIcon and you discard that GearIcon. Otherwise, gain 9 DangerIcon and, regardless of Trauma Level, perform an Obol Draw",TRUE,FALSE,Knockdown. Gain +2 RageIcon. Knockback 15 towards the closest short Board Edge. Discard Footwear GearIcon,,
BR0742,Compactor,,Odyssey,Attack,AI,Cycle II,Standard,,Cyclonus,,III,FALSE,"Closest Titan in front, in range. Closest Titan in sight",,TRUE,Move,,Regular,,,,,3,8,Each hit deals 3 DangerIcon. Exhaust all your GearIcon. Fate 6+ Gain +2 RageIcon,TRUE,FALSE,Forced Vault. Pushback 3,,
BR0743,Maul Smash,,Odyssey,Attack,Signature,Cycle II,Standard,,Cyclonus,,X,FALSE,"Closest Titan in front, in range. Closest Titan in sight",,TRUE,Move,,Regular,,,,,2,10,Each hit deals 2 DangerIcon. Perform a Kratos Roll,TRUE,FALSE,Knockback 7 towards the closest short Board Edge,,
BR0781,Shamble,,Odyssey,Attack,AI,Cycle II,Standard,,Chimera Metastasios,,I,FALSE,"Closest Titan in front, in range. Closest Titan not in Rear, in range. Closest Titan in sight",,TRUE,None,Pushback,Zone,,,WWWWWW;WPPPBW;WPPPBW;WPPPBW;WWWWWW,,3,7,Gain 2 Ambrosia tokens. Each hit deals 2 DangerIcon,FALSE,FALSE,,,
BR0782,Slither,,Odyssey,Attack,AI,Cycle II,Standard,,Chimera Metastasios,,I,FALSE,"Closest Titan in front, in range. Closest Titan not in Rear, in range. Closest Titan in sight",,TRUE,None,Pushback,Zone,,,WWWWWW;WPPPBW;WPPPBW;WPPPBW;WWWWWW,,2,10,Gain 2 Ambrosia tokens. Each hit deals 2 DangerIcon. Fate 5+ 3 DangerIcon instead,TRUE,FALSE,Hidden Spartan Warriors attack you from the temple. Gain 1 negative Precision token,,
BR0783,Palloralgor,,Odyssey,Attack,AI,Cycle II,Standard,,Chimera Metastasios,,I,FALSE,All Titans in sight,,TRUE,None,,"Range, Simultaneous",,Fate 3+ +1 d10Icon,,,2,7,Gain 1 Ambrosia token. Each hit deals 2 DangerIcon.,FALSE,FALSE,,,
BR0784,Statue Swing,,Odyssey,Attack,AI,Cycle II,Standard,,Chimera Metastasios,,I,FALSE,"Titan on Vantage Point. Closest Titan in front, in range. Closest Titan not in Rear, in range. Closest Titan in sight",,TRUE,None,Pushback,Regular,,Fate 3+ +1 d10Icon,,,3,8,"Each hit deals 2 DangerIcon. If the Target is on a VP, Displace it onto any Rear space, Knockdown",TRUE,FALSE,Fate 6+ Perform Signature,,
BR0785,Goat's Spasm,,Odyssey,Attack,AI,Cycle II,Standard,,Chimera Metastasios,,I,FALSE,"Titan in Rear. Closest Titan in front, in range. Closest Titan in sight",,TRUE,None,Pushback,Regular,,,,,2,9,Gain 1 Ambrosia token. Each hit deals 2 DangerIcon. Fate 4+ 4 DangerIcon instead,TRUE,FALSE,Knockback 10,,
BR0786,Ambrosia Expulsion,,Odyssey,Attack,AI,Cycle II,Standard,,Chimera Metastasios,,I,FALSE,Furthest Titan in sight and Zone 1 around it,,TRUE,None,,"Range, Zone",,Fate 3+ +1 d10Icon,WWWWW;WBBBW;WBTBW;WBBBW;WWWWW,,2,8,Gain 1 Ambrosia token. Fate 4+ 2 Ambrosia tokens instead. Each hit deals 1 DangerIcon,FALSE,FALSE,,,
BR0787,Putrefaction,,Odyssey,Attack,AI,Cycle II,Standard,,Chimera Metastasios,,II,FALSE,"Closest Titan in front, in range. Closest Titan not in Rear, in range. Closest Titan in sight",,TRUE,None,Pushback,Zone,,Fate 4+ +1 d10Icon,WWWWWW;WPPPBW;WPPPBW;WPPPBW;WWWWWW,,5,7,Gain 1 Ambrosia token per hit. Each hit deals 1 DangerIcon,FALSE,FALSE,,,
BR0788,Decomposition,,Odyssey,Attack,AI,Cycle II,Standard,,Chimera Metastasios,,II,FALSE,"Closest Titan in front, in range. Closest Titan not in Rear, in range. Closest Titan in sight",,TRUE,None,Pushback,Regular,,Fate 4+ +1 d10Icon,,,4,8,Gain 2 Ambrosia tokens. Each hit deals 1 DangerIcon,TRUE,FALSE,"For each DangerIcon dealt, exhaust 1 GearIcon. Fate 7+ Discard instead",,
BR0789,Temple Fall,,Odyssey,Attack,AI,Cycle II,Standard,,Chimera Metastasios,,II,FALSE,"Titan on Vantage Point. Closest Titan in front, in range. Closest Titan not in Rear, in range. Closest Titan in sight",,TRUE,None,Pushback,Regular,,,,,4,7,"Each hit deals 2 DangerIcon. If the Target is on a VP, Displace it onto any Rear space, Knockdown",TRUE,FALSE,Fate 6+ Perform Signature,,
BR0790,Livor Pooling,,Odyssey,Attack,AI,Cycle II,Standard,,Chimera Metastasios,,II,FALSE,Zone 2,,TRUE,None,,Zone,,,WWWAAAWWW;WWWAAAWWW;WWWAAAWWW;AAAPPPAAA;AAAPPPAAA;AAAPPPAAA;WWWAAAWWW;WWWAAAWWW;WWWAAAWWW,,2,9,Gain 1 Ambrosia token per hit. Each hit deals 2 DangerIcon. Fate 6+ 3 DangerIcon instead,TRUE,TRUE,"Place all Ambrosia Trail tiles around the Chimera (adjacent, one on each side)",,
BR0791,Lion's Rigor,,Odyssey,Attack,AI,Cycle II,Standard,,Chimera Metastasios,,II,FALSE,"Titan on Vantage Point. Closest Titan in front, in range. Closest Titan not in Rear, in range. Closest Titan in sight",,TRUE,None,Pushback,Regular,,,,,3,10,"Gain a number of Ambrosia tokens equal to the Chimera LVL. Each hit deals 2 DangerIcon. Fate 5+ 3 DangerIcon instead. If the Target is on a VP, Displace it onto any Rear space, Knockdown",TRUE,FALSE,"If 3 or more DangerIcon was dealt, gain the Paralyzed Condition card",,
BR0792,Muddied Ambrosia Barrage,,Odyssey,Attack,AI,Cycle II,Standard,,Chimera Metastasios,,II,FALSE,Furthest Titan in sight and Zone 1 around it,,TRUE,None,,"Range, Zone",Unlimited,Fate 5+ +1 d10Icon,WWWWW;WBBBW;WBTBW;WBBBW;WWWWW,,2,8,Gain 1 Ambrosia token. Fate 6+ Gain a number of Ambrosia tokens equal to the Chimera LVL instead. Each hit deals 2 DangerIcon,TRUE,FALSE,Knockdown,,
BR0793,Absorption,,Odyssey,Attack,AI,Cycle II,Standard,,Chimera Metastasios,,III,FALSE,"Closest Titan in front, in range. Closest Titan not in Rear, in range. Closest Titan in sight",,TRUE,None,Pushback,Regular,,Fate 6+ +1 d10Icon,,,3,8,"Gain 1 Ambrosia token per hit. You are Absorbed. Then, each hit deals 3 DangerIcon",FALSE,FALSE,,,
BR0794,Skeletonization,,Odyssey,Attack,AI,Cycle II,Standard,,Chimera Metastasios,,III,FALSE,"Closest Titan in front, in range. Closest Titan not in Rear, in range. Closest Titan in sight",,TRUE,None,Pushback,Zone,,Fate 6+ +1 d10Icon,WWWWWW;WPPPBW;WPPPBW;WPPPBW;WWWWWW,,4,9,"Gain 1 Ambrosia token per hit. Discard one GearIcon per hit. If you cannot discard a GearIcon card, you die. Each hit deals 2 DangerIcon",FALSE,FALSE,,,
BR0795,Acropolis Collapse,,Odyssey,Attack,AI,Cycle II,Standard,,Chimera Metastasios,,III,FALSE,"All Titans on Vantage Point. Closest Titan in front, in range. Closest Titan not in Rear, in range. Closest Titan in sight",,TRUE,None,Pushback,Zone,,,WWWWWWWW;WPPPBBBW;WPPPBBBW;WPPPBBBW;WWWWWWWW,,5,7,Gain 1 Ambrosia token. Each hit deals 3 DangerIcon,TRUE,TRUE,Perform Signature,,
BR0796,Snake's Kiss,,Odyssey,Attack,AI,Cycle II,Standard,,Chimera Metastasios,,III,TRUE,"Titan on Vantage Point. Furthest Titan in front, in range. Closest Titan not in Rear, in range. Furthest Titan in sight",,FALSE,None,Pushback,Range,3,Fate 6+ +1 d10Icon,,,2,10,"Gain a number of Ambrosia tokens equal to the Chimera LVL. If hit, raise DangerIcon to 9 and resolve an Obol Draw",TRUE,FALSE,Fate 7+ Perform Routine,,
BR0797,Fossilization,,Odyssey,Attack,AI,Cycle II,Standard,,Chimera Metastasios,,III,FALSE,"Titan on Vantage Point. Closest Titan in front, in range. Closest Titan not in Rear, in range. Closest Titan in sight",,TRUE,None,Pushback,Zone,,Fate 6+ +1 d10Icon,WWWWWW;WPPPBW;WPPPBW;WPPPBW;WWWWWW,,3,8,Gain 1 Ambrosia token per hit. Each deals 2 DangerIcon,TRUE,FALSE,"For each hit, gain 1 negative Precision token and 1 negative Evasion token",,
BR0798,Ambrosia Hail,,Odyssey,Attack,AI,Cycle II,Standard,,Chimera Metastasios,,III,FALSE,Furthest Titan in sight and Zone 1 around it,,TRUE,None,,Range,Unlimited,Fate 6+ +1 d10Icon,WWWWW;WBBBW;WBTBW;WBBBW;WWWWW,,3,7,Gain 2 Ambrosia tokens. Each hit deals 2 DangerIcon,FALSE,FALSE,Knockdown,,
BR0799,Trudge,,Odyssey,Attack,Signature,Cycle II,Standard,,Chimera Metastasios,,X,FALSE,"Closest Titan in front, in range. Closest Titan not in Rear, in range. Closest Titan in sight",,TRUE,None,Pushback,Zone,,,WWWWWW;WPPPBW;WPPPBW;WPPPBW;WWWWWW,,3,7,Gain a number of Ambrosia tokens equal to the Chimera LVL. Each hit deals 2 DangerIcon,TRUE,FALSE,Gain 1 Ambrosia token,,
BR0800,Snakes And Ladders,Terrorize,Odyssey,Attack,Routine,Mnestis Theatre,Standard,,Chimera Metastasios,,X,FALSE,All Titans on Vantage Points. No Target: Random Titan dies,,FALSE,None,,Regular,,Fate 6+ +1 d10Icon,,,2,10,"Gain a number of Ambrosia tokens equal to the Chimera LVL. If hit, raise DangerIcon to 9 and resolve an Obol Draw",FALSE,FALSE,The Chimera moves adjacent to the closest Titan with unlimited Speed and performs Signature,,
BR0801,Three-Headed Monstrosity,,Odyssey,Attack,Special Attack,Cycle II,Standard,,Chimera Metastasios,,X,FALSE,Attacking Titan,,FALSE,None,,Regular,,,,,3,9,Gain 1 Ambrosia token. Each hit deals 2 DangerIcon,FALSE,FALSE,"If 3+ DangerIcon was dealth, Knockback 10. If 5+ DangerIcon was dealt, gain the Paralyzed Condition card",,
BR1070,Lot Of The Weak,,Odyssey,Attack,AI,Cycle II,Standard,,The Nietzschean,"""Come, I will only use my <b>left</b> hand!""\nArms akimbo, The Nietzschean thows his head <b>back</b> and laughs at you",0,FALSE,Random Titan,,FALSE,,,Judgement,,,,,,,<i>The Nietzschean looks at you with contempt and with a dismissive wave invites you to land the first blow.</i>\nGain +1 Rage. Escalate 1,FALSE,FALSE,End the Primordial Round and place this card on the AI discard pile. Never remove it from the bottom of the discard pile nor shuffle it into the deck. Let it taunt you until you learn your lesson,,
BR1071,Grasscutter,,Odyssey,Attack,AI,Cycle II,Standard,,The Nietzschean,,I,FALSE,"Closest Titan in front, in range. Closest Titan in sight, in range",,TRUE,Move,,Zone,,,WWWBWWW;WWNBBWW;WPPBBBW;WPPBBBW;WWWBBWW;WWWBWWW,,3,10,"Gain 1 Ambrosia token. Fate 3+ 2 Ambrosia tokens instead. Exhaust your ArmorIcon. One hit deals 3 DangerIcon, two hits deal 5 DangerIcon, three hits deal 7 DangerIcon. WoO Knockback 9",TRUE,TRUE,"The Nietzschean moves to the center of the Board, then turns to face the most Titans",,
BR1072,Blot Out The Sun,,Odyssey,Attack,AI,Cycle II,Standard,,The Nietzschean,"The Nietzschean jumps high, momentarily blocking out the sun. Then he comes crashing like a comet",I,FALSE,Furthest Titan in sight,,FALSE,Land on Top,,Regular,,,,,2,11,"Gain 2 Ambrosia tokens and +1 RageIcon. Exhaust your Weapon. If the Attack hits, it deals 5 DangerIcon",FALSE,FALSE,Knockdown,,
BR1073,The Fire Grows,,Odyssey,Attack,AI,Cycle II,Standard,,The Nietzschean,"The Nietzschean plunges his fist into the ground, causing a massive eruption!",I,FALSE,Blast Zone,,TRUE,None,Turn to face the most Titans,Zone,,Fate 4+ +1 d10Icon,WWWWWBW;WWNWBBW;WPPBBBB;WPPBBBW;WWWWBBW;WWWWWBW,,4,9,Each hit deals 2 DangerIcon. Burn. WoO Knockdown. Knockback 7,FALSE,FALSE,,,
BR1074,Abyssal Cleave,,Odyssey,Attack,AI,Cycle II,Standard,,The Nietzschean,,I,FALSE,"Furthest Titan in front, in range. Furthest Titan in sight, in range",,TRUE,Move Lateral,,Zone,,,WWWWWWW;WWWWWWW;NPPBBBB;WPPBBBB;WWWWWWW;WWWWWWW,,3,10,Gain 1 Ambrosia token. Fate 3+ 2 Ambrosia tokens instead. Each hit deals 2 DangerIcon. WoO Knockback 9,TRUE,TRUE,"The Nietzschean moves to the center of the Board, then turns to face the most Titans",,
BR1075,Rend,,Odyssey,Attack,AI,Cycle II,Standard,,The Nietzschean,The Nietzschean grabs you with his might hands and tries to rip you limb from limb!,I,FALSE,"Titan in Blindspot. Last to Wound in sight, in range. Closest Titan in sight, in range",,TRUE,Move,,Regular,,Fate 3+ +1 d10Icon,,,3,9,"Gain 2 Ambrosia, +1 RageIcon, and the Hatred Condition card. Exhaust your ArmorIcon. Each hit deals 2 DangerIcon",TRUE,FALSE,Knockdown. Knockback 10,,
BR1076,World Of Hurt,,Odyssey,Attack,AI,Cycle II,Standard,,The Nietzschean,,I,FALSE,Blast Zone,,TRUE,None,Turn to face the most Titans,Zone,,,WWBWWWW;WWBWWWW;WPPBBBB;NPPBBBBB;WWBWWWW;WWBWWWW,,4,9,Each hit deals 2 DangerIcon. Burn. WoO Knockdown. Knockback 7,TRUE,FALSE,Fate 3+ Exhaust your Armor,,
BR1077,Domain,,Odyssey,Attack,AI,Cycle II,Standard,,The Nietzschean,"The Nietzschean spins violently, slashing everyone around him!",II,FALSE,"Titan in Blindspot. Closest Titan in sight, in range",,TRUE,Move,,Zone,,,WWWBBWWW;WWBBBBWW;WBBBBBBW;BBBPPBBB;BBBPPBBB;WBBBBBBW;WWBBBBWW;WWWBBWWW,,3,10,"Gain 1 Ambrosia token. Fate 5+ 2 Ambrosia tokens instead. One hit deals 3 DangerIcon, two hits deal 6 DangerIcon, three hits deal 8 DangerIcon. WoO Knockback 9",FALSE,TRUE,"The Nietzschean moves to the center of the Board, then turns to face the most Titans",,
BR1078,Pall Of Ash,,Odyssey,Attack,AI,Cycle II,Standard,,The Nietzschean,The Nietzschean vanishes in a cloud of choking ash. He reappears <b>behind</b> you and stabs you in the <b>back</b>,II,FALSE,Furthest Titan in sight,,FALSE,Appear Behind,,Regular,,,,,3,10,"Gain 1 Ambrosia token and +1 RageIcon per hit. The attack deals as many DangerIcon as you have RageIcon. For each hit, gain 1 negative Precision token. WoO Knockdown",FALSE,FALSE,,,
BR1079,Rendezvous With Death,,Odyssey,Attack,AI,Cycle II,Standard,,The Nietzschean,"The Black Blade comes crashing down, its speed creates a vacuum around the impact zone",II,FALSE,"Furthest Titan in front, in range. Furthest Titan in sight, in range",,TRUE,Move Lateral,,Zone,,,WWWWWWW;WWNWWWW;WPPBBBB;WPPBBBB;WWWBBBB;WWWWWWW,,3,10,"Gain 1 Ambrosia token and +1 RageIcon. Fate 3+ 2 Ambrosia tokens and +2 RageIcon instead. One hit deals 5 DangerIcon; two hits deal 8 DangerIcon; 3 hits, you die. WoO Knockdown 9",TRUE,TRUE,"The Nietzschean moves to the center of the Board, then turns to face the most Titans",,
BR1080,Abyssgrasp,,Odyssey,Attack,AI,Cycle II,Standard,,The Nietzschean,"The Black-blooded Spartan god grips you in his inhuman <b>right</b> hand, then crushes you until you hear your <b>back</b> break",II,FALSE,"Titan in Blindspot. Last to Wound in sight, in range. Closest Titan in sight, in range",,TRUE,Move,,Judgement,,Fate 6+ +1 d10Icon,,,3,9,"Courage/Will. One hit, gain Hatred Condition card and +2 RageIcon; two hits, gain the Frenzy Condition card and +3 RageIcon, three or more hits, gain +4 RageIcon and draw a Kratos card",FALSE,FALSE,Knockdown. Knockback 12,,
BR1081,Dawn Of Dust,,Odyssey,Attack,AI,Cycle II,Standard,,The Nietzschean,"The Nietzschean taps the ground with his sword. Clouds of black ash rise from the ground, obscuring everything",II,FALSE,Dust Zone,,TRUE,None,,Zone,,,WWWWBBWWWW;WWWBBBBWWW;WWBBBBBBWW;WBBBBBBBBW;BBBBPPBBBB;BBBBPPBBBB;WBBBBBBBBW;WWBBBBBBWW;WWWBBBBWWW;WWWWBBWWWW,,3,8,For each hit gain 1 negative Precision token and 1 Ambrosia token. Gain +1 RageIcon. Each hit deals 3 DangerIcon. Knockdown,TRUE,TRUE,"If no Titan was hit, The Nietzschean moves to the center of the Board, then turns to face the most Titans",,
BR1082,World Of Fire,,Odyssey,Attack,AI,Cycle II,Standard,,The Nietzschean,,II,FALSE,Blast Zone,,TRUE,None,Turn to face the most Titans,Zone,,Fate 5+ +1 d10Icon,WWBBWWW;WWBBWWWW;BBBBBBB;WPPBBBB;NPPBBBB;BBBBBBB;WWBBWWW;WWBBWWW,,4,9,Each hit deals 2 DangerIcon. Burn. WoO Knockdown. Knockback 7,FALSE,FALSE,Fate 6+ Exhaust all your GearIcon,,
BR1083,Visage Of Death,,Odyssey,Attack,AI,Cycle II,Standard,,The Nietzschean,"The Nietzschean turns on the <b>spot</b>, the unseeing gaze of his skill-like face digs deep into your soul, <b>blind</b>ing you",III,FALSE,Last to Wound in sight. Closest Titan in sight,,FALSE,None,,Judgement,,Fate 7+ +1 d10Icon,,,3,11,"Courage/Will. One hit, gain Frenzy Condition card and +3 RageIcon; two or three hits, draw an Obol; four hits, you die",FALSE,FALSE,Knockdown. Knockback 10. Gain the Fused Souls Trauma card,,
BR1084,Ashbite,,Odyssey,Attack,AI,Cycle II,Standard,,The Nietzschean,"The Nietzschean takes a step <b>back</b> and picks you off the ground with his <b>left</b> hand. For a moment, the billowing cloud of smoke and fire turns into a giant maw and takes a big bite out of you",III,FALSE,"Titan in Blindspot. Last to Wound in sight, in range. Closest Titan in sight, in range",,TRUE,Move,,Regular,,,,,3,9,"Fate 6+ You die. Gain 3 Ambrosia tokens. Exhaust all your GearIcon. One hit deals 6 DangerIcon; two hits deal 9 DangerIcon; three hits, you die",TRUE,FALSE,Knockdown. Knockback 12,,
BR1085,Dust Of Dreams,,Odyssey,Attack,AI,Cycle II,Standard,,The Nietzschean,,III,FALSE,Dust Zone,,TRUE,None,,Zone,,,WWWWWBBWWWWW;WWWWBBBBWWWW;WWWBBBBBBWWW;WWBBBBBBBBWW;WBBBBBBBBBBW;BBBBBPPBBBBB;BBBBBPPBBBBB;WBBBBBBBBBBW;WWBBBBBBBBWW;WWWBBBBBBWWW;WWWWBBBBWWWW;WWWWWBBWWWWW,,4,9,"For each hit gain 1 negative Precision token, 2 Ambrosia tokens, and +1 RageIcon. Each hit deals 3 DangerIcon. WoO Fate 5+ Knockdown",TRUE,TRUE,"If no Titan was hit, The Nietzschean moves to the center of the Board, then turns to face the most Titans",,
BR1086,Ender Of Tales,,Odyssey,Attack,AI,Cycle II,Standard,,The Nietzschean,,III,FALSE,Closest Titan with a Unique Weapon GearIcon card in sight. Last to Wound in sight. Closest Titan in sight,,FALSE,Appear in Front,,"Judgement, Zone",,Fate 7+ +1 d10Icon,WWWWWWW;WNWBBBB;WPPBBBB;WPPBBBB;WWWBBBB;WWWWWWW,,2,11,"Doomed. Courage/Fury. Permanently lose the Unique Weapon GearIcon card. One hit, gain +2 RageIcon; two hits, gain +3 RageIcon; three hits, gain +4 RageIcon. The Attack deals as many DangerIcon as you have RageIcon",TRUE,TRUE,"The Nietzschean moves to the center of the Board, then turns to face the most Titans",,
BR1087,Skullpyre,,Odyssey,Attack,AI,Cycle II,Standard,,The Nietzschean,"The Nietzschean moves <b>forward</b>, sweeps you off the ground with his <b>right</b> hand and thrusts you into the blazing fire engulfing his body",III,FALSE,"Titan in Blindspot. Last to Wound in sight, in range. Closest Titan in sight, in range",,TRUE,Move,,Judgement,,Fate 6+ +1 d10Icon,,,2,10,"Doomed. Will/Endurance. If hit, you die",TRUE,FALSE,Knockdown. Knockback 12,,
BR1088,World Of Black,,Odyssey,Attack,AI,Cycle II,Standard,,The Nietzschean,,III,TRUE,Blast Zone and Dust Zone,,TRUE,None,,Zone,,,RRRRRRRRWBBWRRRRRRRR;RRRRRRRWBBBBWRRRRRRR;RRRRRRWBBBBBBWRRRRRR;RRRRRWBBBBBBBBWRRRRR;RRRRWBBBBBBBBBBWRRRR;RRRWBBBBBBBBBBBBWRRR;RRWBBBBBBPPBBBBBBWRR;RRWBBBBBBPPBBBBBBWRR;RRRWBBBBBBBBBBBBWRRR;RRRRWBBBBBBBBBBWRRRR;RRRRRWBBBBBBBBWRRRRR;RRRRRRRWBBBBWRRRRRRR;RRRRRRRRWBBWRRRRRRRR,,6,9,Each hit deals 2 DangerIcon and either: Blast Zone (BlackZoneIcon): Gain +2 RageIcon. Burn. WoO Knockdown. Knockback 7. Dust Zone (RedZoneIcon): Gain +1 RageIcon. Gain 2 Ambrosia tokens. WoO Knockdown. Pull 5,TRUE,TRUE,"If no Titan was hit, Unbreakable Combo",,
BR1089,Measure Of Worth,,Odyssey,Attack,Signature,Cycle II,Standard,,The Nietzschean,,X,FALSE,"Closest Titan in front, in range. Closest Titan in sight, range",,TRUE,Move,,Zone,,,WNBW;PPBB;PPBB;WWBW,,3,10,"One hit deals 3 DangerIcon, tow hits deal 5 DangerIcon, three hits deal 7 DangerIcon. Knockback 8",TRUE,TRUE,Rage 5+ Perform Combo,,
BR1090,Found Wanting,,Odyssey,Attack,Routine,Cycle II,Standard,,The Nietzschean,,X,FALSE,Last to Wound in sight. Closest Titan. No Target: Random Titan dies,,TRUE,Move unlimited,,Zone,,,WWBWW;WNBBW;PPBBB;PPBBB;WWBBW;WWBWW,,3,10,Each hit deal 3 DangerIcon. Knockback 10,FALSE,FALSE,Exhaust all your GearIcon,,
CR1344,Fate Chord,,Odyssey,Attack,AI,Cycle III,Standard,,Hypertime Oracle,,I,FALSE,Lowest FateIcon in front. Lowest FateIcon in sight,,TRUE,Move,,Regular,,,,,3,10,Each hit deals 2 FateIcon. Fate 3+ Time-clocked,FALSE,FALSE,The Oracle moves 4 spaces directly away from the Target.,,
CR1345,Fastforward,,Odyssey,Attack,AI,Cycle III,Standard,,Hypertime Oracle,,I,FALSE,Highest FateIcon in front. Highest Fateicon in sight,,TRUE,Move,,Regular,,Fate 4+ +1 d10Icon,,,3,9,"One hit, draw Mjaor Trauma, 2 hits, draw Grave Trauma, three or more hits, draw an Obol. WoO Time-clocked.",FALSE,FALSE,The Oracle moves 4 spaces directly away from the Target. Giant Glaciate the previous Primordial Space.,,
CR1346,Searing Laser,,Odyssey,Attack,AI,Cycle III,Standard,,Hypertime Oracle,,I,FALSE,Lowest DangerIcon in front. Lowest DangerIcon in sight,,TRUE,Move Lateral,,Laser,,Paradox 3+ or Fate 6+ Double Laser instead,,,3,11,Each hit deals 3 DangerIcon,FALSE,FALSE,Rewind,,
CR1347,Ordain,,Odyssey,Attack,AI,Cycle III,Standard,,Hypertime Oracle,,I,FALSE,Lowest FateIcon in front. Lowest FateIcon in sight,,TRUE,None,Teleport Titan,Regular,,,,,3,9,Each hit deals 2 FateIcon and 2 DangerIcon,TRUE,FALSE,Time-clocked,,
CR1348,Paradoxical Strike,,Odyssey,Attack,AI,Cycle III,Standard,,Hypertime Oracle,,I,FALSE,Priority Target in front. Highest FateIcon in front. Priority Target in sight,,TRUE,Move,,Regular,,,,,3,10,"Each hit deals 1 FateIcon and 2 DangerIcon. If 2+ FateIcon was dealt, discard 1 GearIcon. Fate 5+ Discard 1 Weapon GearIcon card instead",TRUE,FALSE,Rewind,,
CR1349,Vision Of Death,,Odyssey,Attack,AI,Cycle III,Standard,,Hypertime Oracle,,I,FALSE,Highest FateIcon in front. Highest Fateicon in sight,,FALSE,None,,Judgement,,,,,1,11,"WisdomIcon Wisdom/ FuryIcon Fury. If the Attack hits, it deals 5 DangerIcon. Death 3. Fate 5+ Death 2 instead",TRUE,FALSE,The Oracle moves 4 spaces towards the Timefront (stop if adjacent) and turns to face the most Titans. Giant Glaciate the previous Primordial space.,,
CR1350,Ominous Portent,,Odyssey,Attack,AI,Cycle III,Standard,,Hypertime Oracle,,II,FALSE,Lowest FateIcon in front. Lowest FateIcon in sight,,TRUE,None,Teleport Titan,Judgement,,WoO Paradox 2+ or Fate 5+ Move the Timefront 1 space forward,,,3,9,WisdomIcon Wisdom / WillIcon Will. Each hit deals 2 FateIcon and 3 DangerIcon,TRUE,FALSE,Time-clocked,,
CR1351,Flashforward,,Odyssey,Attack,AI,Cycle III,Standard,,Hypertime Oracle,,II,FALSE,Highest FateIcon in front. Highest Fateicon in sight,,TRUE,Move,,Regular,,Fate 4+ +1 d10Icon,,,3,9,"One hit, draw Grave Trauma, two hits, draw an Obol, three hits, you die, four hits, you are erased from existence. WoO Time-clocked.",TRUE,FALSE,The Oracle moves 5 spaces directly away from the Target. Giant Glaciate the previous Primordial space.,,
CR1352,Omen Beam,,Odyssey,Attack,AI,Cycle III,Standard,,Hypertime Oracle,,II,FALSE,Furthest Titan in front. Furthest Titan in sight,,TRUE,Move Lateral,,Laser,,,,,3,10,"If you are hit, draw an Obol",TRUE,TRUE,Move the Timefront 1 space forward for each Titan killed by this Attack.,,
CR1353,Hyperlaser,,Odyssey,Attack,AI,Cycle III,Standard,,Hypertime Oracle,,II,FALSE,Lowest DangerIcon in front. Lowest DangerIcon in sight,,TRUE,Move Lateral,,,,Paradox 3+ or Fate 8+ Double Laser instead,,,3,11,Each hit deals 4 DangerIcon,FALSE,FALSE,Rewind.,,
CR1354,Paradoxical Stab,,Odyssey,Attack,AI,Cycle III,Standard,,Hypertime Oracle,,II,FALSE,Priority Target in front. Highest FateIcon in front. Priority Target in sight,,TRUE,Move,,Regular,,,,,5,9,"Each hit deals 1 FateIcon and 1 DangerIcon. If 2+ FateIcon was dealt, discard 1 GearIcon card, if 4+ FateIcon is dealt, discard 2 GearIcon instead. WoO Rewind",FALSE,FALSE,The Oracle moves 5 spaces towards the Timefront (stop if adjacent) and turns to face the most Titans. Giant Glaciate the previous Primordial space.,,
CR1355,Destined To Die,,Odyssey,Attack,AI,Cycle III,Standard,,Hypertime Oracle,,II,FALSE,Priority Target in front. Highest FateIcon in front. Priority Target in sight,,FALSE,None,,Judgement,,,,,1,11,"WisdomIcon Wisdom/ FuryIcon Fury. If the Attack hits, it deals 7 DangerIcon. Death 2. Fate 5+ Death 1 instead",TRUE,FALSE,The Oracle moves 5 spaces towards the Timefront (stop if adjacent) and turns to face the most Titans. Giant Glaciate the previous Primordial space.,,
CR1356,Lenslaser,,Odyssey,Attack,AI,Cycle III,Standard,,Hypertime Oracle,,III,FALSE,Lowest FateIcon in front. Lowest FateIcon in sight,,TRUE,Move Lateral,,,,,,,3,11,"If the Laser Attack hits an Iceberg, it continues sideways. Each hit deals 4 DangerIcon. WoO Time-clocked.",FALSE,TRUE,The Oracle moves 6 spaces towards the Timefront (stop if adjacent) and turns to face the most Titans. Giant Glaciate the previous Primordial space.,,
CR1357,Existence Erasure,,Odyssey,Attack,AI,Cycle III,Standard,,Hypertime Oracle,,III,FALSE,Priority Target in front. Highest FateIcon in front. Priority Target in sight,,TRUE,Move Lateral,,,,,,,3,9,"If you are hit, you die.",TRUE,TRUE,Move the Timefront 1 space forward for each Titan killed by this Attack.,,
CR1359,Overtime Laser,,Odyssey,Attack,AI,Cycle III,Standard,,Hypertime Oracle,,III,FALSE,Furthest Titan,,TRUE,Move Lateral,,,,Paradox 3+ or Fate 8+ Double Laser instead,,,3,12,Each hit deals 4 DangerIcon. Rewind.,FALSE,FALSE,"Repeat Overtime Laser against a Titan that has not been Attacked this round by Overtime Laser. Repeat until all Titans have been Attacked, then the Oracle moves 5 spaces toward the Timefront (stop if adjacent) and turns to face the most Titans.",,
CR1360,Sun's Harbinger,,Odyssey,Attack,AI,Cycle III,Standard,,Hypertime Oracle,,III,FALSE,Priority Target in front. Highest FateIcon in front. Priority Target in sight,,FALSE,None,,Judgement,,Paradox 5+ or Fate 9+ You are erased from existence,,,1,11,"WisdomIcon Wisdom/ FuryIcon Fury. If the Attack hits, it deals 9 DangerIcon. Death 1",TRUE,FALSE,The Oracle moves 5 spaces towards the Timefront (stop if adjacent) and turns to face the most Titans. Giant Glaciate the previous Primordial space.,,
CR1361,Tyranny Of Stars,,Odyssey,Attack,AI,Cycle III,Standard,,Hypertime Oracle,,III,FALSE,All Titans on the Battle Board. No Target: Perform Routine,,TRUE,None,Teleport All Titans,,,,,,,,"Reestablish the Time Anchors of teleported Titans. WoO Perform Signature against each adjacent Titan, ignoring its After Attack effect.",TRUE,TRUE,The Oracle moves 5 spaces towards the Timefront (stop if adjacent) and turns to face the most Titans.,,
CR1362,Aeons Tsunami,,Odyssey,Attack,AI,Cycle III,Standard,,Hypertime Oracle,,III,TRUE,This Laser Attack is resolved from all Timefront spaces towards the right Board Edge,,FALSE,None,,Laser,,,,,4,9,"Each hit deals 3 FateIcon. If hit, gain DangerIcon equal to your FateIcon. WoO Rewind",TRUE,TRUE,Move the Timefront 1 space forward for every Titan with FateIcon 6+.,,
CR1363,Rewind Laser,,Odyssey,Attack,Signature,Cycle III,Standard,,Hypertime Oracle,,X,FALSE,Lowest FateIcon in front. Lowest FateIcon in sight,,TRUE,Move Lateral,,Laser,,,,,3,11,Each hit deals 2 DangerIcon and 2 FateIcon,TRUE,FALSE,Rewind.,,
CV1793,Trigger Finger,,Odyssey,Attack,AI,Cycle III,Standard,Envelope Alpha,The Pitiless,You're nothing,I,FALSE,Closest Titan in sight,,TRUE,Move Lateral,,"Laser, Judgement",,,,1,2,11,"Chosen Skill. If you are hit, draw an Obol",FALSE,FALSE,Burn,,
CV1794,Wave Away,,Odyssey,Attack,AI,Cycle III,Standard,Envelope Alpha,The Pitiless,Begone,I,FALSE,Unshaded Board,,TRUE,None,,"Judgement, Sun",,,,,4,10,"Chosen Skill. If you are hit, draw an Obol",TRUE,FALSE,Knockdown. Knockback 10,,
CV1795,Embrace the Light,,Odyssey,Attack,AI,Cycle III,Standard,Envelope Alpha,The Pitiless,Bask in the light of your god returned,I,FALSE,Embrace Zone,,TRUE,None,,"Judgement, Zone",,,,,3,11,"Chosen Skill. If you are hit, draw an Obol",FALSE,FALSE,Burn,,
CV1796,Trigger Finger,,Odyssey,Attack,AI,Cycle III,Standard,Envelope Alpha,The Pitiless,Cease to be,I,FALSE,Closest Titan in sight,,TRUE,Move Lateral,,"Laser, Judgement",,,,1,2,11,"Chosen Skill. If you are hit, draw an Obol",FALSE,FALSE,Burn,,
CV1797,Fatherly Pat,,Odyssey,Attack,AI,Cycle III,Standard,Envelope G,The Pitiless,I forgive you,II,FALSE,Closest Titan in sight,,TRUE,Move,,Regular,,,,,4,8,Each hit deals 6 DangerIcon,TRUE,FALSE,Knockdown. Knockback 15,,
CV1798,Deny Grace,,Odyssey,Attack,AI,Cycle III,Standard,Envelope G,The Pitiless,"It is not for you, blasphemer",II,FALSE,Denial Zone,,TRUE,None,,"Zone, Judgement",,,,,3,9,"Chosen Skill. If you are hit, you are incinerated",FALSE,FALSE,Burn,,
CV1799,Glorious Fire,,Odyssey,Attack,AI,Cycle III,Standard,Envelope G,The Pitiless,Let the impurities burn away,II,FALSE,Unshaded Board,,TRUE,None,,"Sun, Judgement",,,,,2,11,"Chosen Skill. If you are hit, you are incinerated",FALSE,FALSE,Burn,,
CV1800,Trigger Finger,,Odyssey,Attack,AI,Cycle III,Standard,Envelope G,The Pitiless,Disappear,II,TRUE,Closest Titan in sight,,TRUE,Move Lateral,,"Laser, Judgement",,,,1,2,11,"Chosen Skill. If you are hit, you are incinerated",FALSE,FALSE,Burn,,
CV1801,I am the Sun,,Odyssey,Attack,AI,Cycle III,Standard,Envelope U,The Pitiless,I am the life giver,III,FALSE,All Titans,,TRUE,None,,Simultaneous,,,,,,,This attack cannot be canceled or ignored in any way. All Titans are incinerated. This death is unavoidable. Return to 0203,FALSE,FALSE,,,
CV1802,God's Love,,Odyssey,Attack,Signature,Cycle III,Standard,Envelope 1,The Pitiless,Worship me,X,FALSE,Closest Titan in sight,,TRUE,Move Lateral,,Judgement,,,,,2,11,"Chosen Skill. If you are hit, you are incinerated",FALSE,FALSE,Burn,,
CV1803,God's Justice,,Odyssey,Attack,Routine,Cycle III,Standard,Envelope 1,The Pitiless,Fear me,X,FALSE,Closest Titan. No Target: Random Titan dies,,TRUE,Move Lateral,,Judgement,,,,,2,11,"Chosen Skill. If you are hit, you are incinerated",FALSE,FALSE,Burn,,
CV1804,Merciless Sun,,Odyssey,Attack,Trait Attack,Cycle III,Standard,Envelope S,The Pitiless,Proceed... on your way to oblivion,X,FALSE,Unshaded Board,,TRUE,None,Turn to face the most titans,Sun,,,,,3,10,Each hit deals 3 DangerIcon and 1 FateIcon,TRUE,TRUE,Glaciate the Time Anchor of the Titan with the lowest FateIcon. Rewind the Titan with the highest FateIcon,,
DV2540,Finger Snap,,Odyssey,Attack,AI,Cycle IV,Standard,Envelope Y,Old Haunt,<SNAP>,I,FALSE,Closest Titan in sight,,TRUE,None,,Range,Unlimited,,,,2,10,"If you are hit, draw an Obol",FALSE,FALSE,Burn,,
DV2541,Obedience Aura,,Odyssey,Attack,AI,Cycle IV,Standard,Envelope Y,Old Haunt,My loving flock. My cattle,I,FALSE,Embrace Zone,,FALSE,None,,"Zone, Judgement",,,,,4,10,"Chosen Skill. If you are hit, draw an Obol",FALSE,FALSE,Destroy all Terrain tiles in the Zone,,
DV2542,Blessing Hand,,Odyssey,Attack,AI,Cycle IV,Standard,Envelope Y,Old Haunt,"Love me, and you will be blessed in the next life",II,FALSE,Closest Titan in sight,,TRUE,Move Lateral,,"Laser, Judgement",,,,2,2,11,"Chosen Skill. If you are hit, you are incinerated",FALSE,FALSE,Burn,,
DV2543,"Kneel, Heathens",,Odyssey,Attack,AI,Cycle IV,Standard,Envelope Y,Old Haunt,And accept my love and judgement,II,FALSE,Denial Zone,,TRUE,None,,"Zone, Judgement",,,,,3,9,"Chosen Skill. If you are hit, Knockdown, then drawn an Obol",FALSE,FALSE,Burn,,
DV2544,I Was the Sun,,Odyssey,Attack,AI,Cycle IV,Standard,Envelope Y,Old Haunt,I am the life giver,III,FALSE,Each Titan,,TRUE,None,,Simultaneous,,,,,,,"When this AI card is revealed, leave it on top and end the Primordial Round. If it is already revealed at the start of the Primordial Round, perform it. Each Titan is incinerated",FALSE,FALSE,,,
DV2545,Witness Me,,Odyssey,Attack,AI,Cycle IV,Standard,Envelope Y,Old Haunt,Bear witness,III,FALSE,Denial Zone,,FALSE,None,,"Zone, Judgement",,,,,3,10,"Chosen Skill. If you are hit, Knockdown, then draw an Obol",FALSE,FALSE,Destroy all Terrain tiles in Zone 3,,
DV2546,Five Fingers of Doom,,Odyssey,Attack,AI,Cycle IV,Standard,Envelope Y,Old Haunt,You're already dead,III,FALSE,PriorityTargetIcon Priority Target in sight,,TRUE,Move Lateral,,"Judgement, Laser",,,,Omni,3,11,"Chosen Skill. If the Laser Attack hits a Terrain tile, it continues sideways. If you are hit, you are incinerated",FALSE,FALSE,Burn,,
DV2547,Excommunicate,,Odyssey,Attack,AI,Cycle IV,Standard,Envelope Y,Old Haunt,Leave My Grace and be doomed forever,III,FALSE,Denial Zone,,TRUE,None,,Judgement,,,,,2,10,"Chosen Skill. If you are hit, you are incinerated",FALSE,FALSE,Destroy all Terrain tiles in Zone 3,,
DV2548,Sundown,,Odyssey,Attack,AI,Cycle IV,Standard,Envelope Y,Old Haunt,Starve,III,FALSE,This Laser Attack is resolved from each side of every Irem Tower Terrain tile in cardinal directions,,TRUE,None,,Laser,,,,,4,9,"If you are hit, you are incinerated",FALSE,FALSE,Burn,,
DV2549,Sunrise,,Odyssey,Attack,AI,Cycle IV,Standard,Envelope Y,Old Haunt,Bask,III,FALSE,This Laser Attack is resolved in all Rows from the left and toward the right Board Edge,,TRUE,None,,Laser,,,,,4,9,"If you are hit, you are incinerated",FALSE,FALSE,Burn,,
DV2569,Merciless Sun,,Odyssey,Attack,Trait Attack,Cycle IV,Standard,Envelope Y,Old Haunt,Proceed... on your way to oblivion,X,FALSE,Unshaded Board,,TRUE,None,Turn to face the most titans,Sun,,,,,3,10,Each hit deals 3 DangerIcon and 1 FateIcon,TRUE,TRUE,Wish Away 12 the Titan with the lowest FateIcon. Titan with the highest FateIcon suffers Midas 1,,