Card ID,Name,Alternate Name,Render Type,Game,Cycle,Card Size,Found In,Tech Type,Tech Sub-Type,Flavor (Project),Requirements,Leads To,Cycle-locked?,Flavor (Tech),Central Icon,Abilities,FAQ,Errata
AA0001,Last Tome,Last Academy,Technology,Odyssey,Cycle I,Tarot,,Structural,Core,"A fount of ancient knowledge, almost dried up now. Contains enough information to allow us to mount a response to the Primordials. It'll serve us well as the cornerstone of our research",—,Rhetoric,FALSE,"Here the philosophers and academicians conduct their research, poring over dusty tomes and phos scripture",,"Research: Reference. When you reach a Combat @CombatTech or Structural @StructuralTech node on the Timeline, research one of the available Technology cards from the corresponding Projects Deck.; Gather Information: Reference. During the Exploration Step, if the Argo is on an unexplored Map Tile with @Progress symbol, gain +1 @Progress. For each @Progress you gain, place 1 @Progress token on your current Story card or the Inward Odyssey card",,
AA0002,Primordial Dawn,Bridge Tholos,Technology,Odyssey,Cycle I,Tarot,,Structural,Core,"Not much is known about the Eschaton, except that it brought the Fall of Olympus and the Coming of the Primordials",—,—,FALSE,From here the Argonauts shape their fate and steer the mighty Argo towards its unknown destination,,"Sail and Explore: Reference. At the start of each day you move to an adjacent tile using one of the available waterways. If needed, place the tile, then move the Argo and proceed to the Timeline Step.; Adventure: Reference. During the Adventure Step, if the Argo is on an unexplored Map tile with the @AdventureHub symbol, go to the Adventure Hubs table in your current Cycle's Storybook.; Gather Resources: Reference. During the Exploration Step after resolving Exploration symbols, draw and resolve two stacks of Exploration cards",,
AA0021,Antikratos Project,Excursion Propylon,Technology,Odyssey,Cycle I,Tarot,,Structural,Core,There is a lot we do not know about the Triskelion Junction used in the process of supressing the atavistic nature of the Titans. We need to know more,—,"Trireme Weapons, Trireme Armor",FALSE,Here the Argonauts ready for their next excursion and it is also here that a Support Team stands ready to lend their help,,Argo Support I: Permanent. Argo Ability Limit: 2,,
AA0028,Argo Works,Grand Agora,Technology,Odyssey,Cycle I,Tarot,,Structural,Core,"The Argo is a marvel of engineering, but there's no denying the fact that most of its systems are inactive or unknown to us. We need to start by setting up a production hub",—,Trading Solutions,FALSE,"To stand a chance against the Primordials, the smiths and priests of the Argo work tirelessly on new types of @Gear and new engineering solutions",,"Craft Gear: Reference. During the Advancement Step, you can use available resources to craft @Gear cards using Production Technologies",,
AA0029,Titanogenesis,Titan Stoa,Technology,Odyssey,Cycle I,Tarot,,Structural,Core,"They are a mystery to us. Mindless and extremely violent in the wild, they would be Mortalkind greatest enemy, had it not been for the Eschaton. Now they're our best hope for the future",—,Titan Hunting,FALSE,Here the Titans are tamed and stored when not in use. Some call this place a warehouse. some call it a prison,,"Gain Titan: Reference. During the Exploration Step, if the Argo is on an unexplored Map Tile with the @Titan symbol, gain +1 Titan. Titan Stoa Capacity: Titan Limit: 10",,
AA0030,Trading Solutions,Trade Fleet Dock,Technology,Odyssey,Cycle I,Tarot,,Structural,,"If we are to survive, we need to strengthen our connection to the people of Crete",Argo Works,"Diplomatic Relations, Advanced Trading Solutions, Crew Expansion, Shallows Navigation",FALSE,A small ship dock will allow us to take in traders and establish connections around the island,,Theban Trader: Immediate. Add the Theban Trader Exploration card to the Exploration deck.; Port Trading: City Negotiation. Gain +1 @ArgoFate to exchange (up to 3 times):<<NL>>3 Trireme >> 1 Armament<<NL>> 2 Trireme >> 1 Monument<<NL>>1 Monument >> 2 Trireme<<NL>>1 Armament >> 3 Trireme<<NL>>1 Muscle Cluster or Infused Mechanism >> 3 Raw Ambrosia<<NL>>1 Calcified Knuckle Bone or Fleshy Mantle >> 4 Raw Ambrosia<<NL>>3 Raw Ambrosia >> 1 Muscle Cluster or Infused Mechanism<<NL>>4 Raw Ambrosia >> 1 Calcified Knuckle Bone or Fleshy Mantle,,
AA0031,Intelligence Gathering,,Technology,Odyssey,Cycle I,Standard,,Structural,,"If we are to master our fate, we need to know what lies ahead. This is the first step in establishing a permanent informant network","30+ explored Map tiles, Diplomatic Relations",Deeply Embedded Spies,TRUE,Your informants will periodically bring you news - good or otherwise,,Informant Network: Immediate. Add the [Informant Network|AB0110] Exploration card to the Exploration deck,,
AA0032,Shallows Navigation,,Technology,Odyssey,Cycle I,Standard,,Structural,,The phos scriptures tell of a dormany subsystem of the Argo's engines that allows shallow water navigation,Trading Solutions,"Argo Onboarding, Pursuer Problem, Excursion Propylon II",TRUE,The Argo rises above the waterline and almost glides on the river surface,River,Shallows Navigation: Permanent. You can move through @Lock waterways with the River @River symbol,,
AA0033,Rhetoric,,Technology,Odyssey,Cycle I,Standard,,Structural,,The Labyrinthians talk about nothingness with devout passion. We need a message of our own,Last Academy,"Anti-Indoctrination Philosophy, Minoan Investigations, Titan Hunting",TRUE,"Let all who doubt their purpose despair not, for this ship is in itself a message: we are here for a reason",,Persuasion: Save. Gain +1 @ArgoFate when you are about to gain @Strangers to test Diplomacy (7+). *Success*: Lower this @Strangers gain by 1 (to a minimum of 0).; Diatribe: City Negotiation. Gain +1 @ArgoFate to lose -1 @Strangers,,
AA0034,Diplomatic Relations,,Technology,Odyssey,Cycle I,Standard,,Structural,,We've walked blindly into this crisis. Now's the time to learn about the island and acclimate,Trading Solutions,"Intelligence Gathering, Peace",TRUE,Our envoys establish our presence on the island,,Diplomatic Corps: City Negotiation. Lose 4 Mortal resources of your choosing and gain +1 @ArgoFate to gain +1 Diplomacy with the Local Faction,,
AA0035,Pursuer Problem,,Technology,Odyssey,Cycle I,Standard,,Structural,,That creature does not tire nor rest. It will not stop hunting us. We need time to figure out how to kill it,"Pursuer Sighting, Shallows Navigation",—,FALSE,"Engines grow silent though the Argo still moves, like Charon's boat",,Stealth Drive: Gain +1 @ArgoFate during Adversary Activation to lower the Adversary movement by 1 (to a minimum of 0). This does not stop Adversary from spawning!,,
AA0036,Peace,,Technology,Odyssey,Cycle I,Standard,,Structural,,It's never too late to reconcile your differences,"At War, lose 1 Titan, Diplomatic Relations",—,TRUE,"And with an offering, let past grievances fade away",,Peace Talks: Immediate. Choose 1 Faction you are At War with and immediately set your Diplomacy Score with this Faction to '-8'. This ability ignores the normal restrictions of the 'At War' Diplomacy Threshold,,
AA0037,Anti-Indoctrination Philosophy,,Technology,Odyssey,Cycle I,Standard,,Structural,,"The message of the Labyrinthians is insidious, as it takes root in fear and fear is constant. We must guard against it",Rhetoric,"Hope Logic, Deeply Embedded Spies",FALSE,The Philosopher Guards quickly became a beacon around which the discourse of Purpose flourished,,Philosopher Guards: Gain +1 @ArgoFate to test Diplomacy (7+). Success: Chosen Argonaut discards a Despair token.; Maze Exorcism: Lose -1 Priest to make one Argonaut lose the Mazetouched Affliction,,
AA0038,Hope Logic,,Technology,Odyssey,Cycle I,Standard,,Structural,,For nothingness does not exist without Purpose to which it stands in opposition. It fears it and tries to douse it with doubt,Anti-Indoctrination Philosophy,—,FALSE,"And in that moment it betrays its weakness. For if there was no Hope of Purpose prevailing, why go to such lengths to silence it? Hope",,"Font Infinite: Save. Gain +1 @ArgoFate when you are about to gain @Doom during the Voyage or Adventure Phase to test (X+), where X is 9 minus the number of your current Doom card.<<NL>>*Success:* Lower this @Doom gain by 1 (to a minimum of 0)",,
AA0039,Argo Onboarding,,Technology,Odyssey,Cycle I,Standard,,Structural,,"Without proper parts and equipment, we cannot bring the ship to its full potential. But we are learning","@ArgoKnowledge 5+, lose 1 Titan, Shallows Navigation",—,FALSE,There are certain things we can do to minimize the impact hull damage has on our voyage,,"Reinforced Hull: Immediate. Gain +1 @Hull.; Daedalus Workshop: Permanent. During the Exploration Step, if the _Argo_ is on an unexplored Map tile with the @DaedalusWorkshop symbol, gain +1 @Hull.; Emergency Repairs: Save. Gain +1 @ArgoFate when you are about to lose @Hull during the Voyage or Adventure Phase to test (X+), where X is 3 plus your current @Hull value.<<NL>>*Success:* Lower this @Hull loss by 1 (to a minimum of 0)",,
AA0040,Deeply Embedded Spies,,Technology,Odyssey,Cycle I,Standard,,Structural,,The news of our exploits brings hope to many. Some want to repay that renewed sense of purpose and help our cause,"45+ explored Map tiles, Anti-Indoctrination Philosophy, Intelligence Gathering",—,TRUE,Along our journey we made a difference for a lot of people and that selflessness pays out in dividends,,Theseus Web: Gain +2 @ArgoFate when the _Argo_ is on an explored Map tile with the @Progress symbol to test Diplomacy (7+).<<NL>>*Success:* Gain +1 @Progress,,
AA0041,Excursion Propylon II,,Technology,Odyssey,Cycle I,Standard,,Structural,,These Primordials are getting too much to handle. The Argo must rise to the challenge,Shallows Navigation,—,FALSE,The rebuilt Propylon will allow the Argo a far greater presence during battles,,Argo Support II: Permanent. AA Limit: 3,,
AA0042,Mnestis Thesis,Argonaut Mausoleum,Technology,Odyssey,Cycle I,Tarot,Secret Deck 01,Structural,,"These glimpses we're having, these past lives... there must be an easier way to access them",@ArgoKnowledge 6+,—,FALSE,"From here we rise and to here we are brought when we cease to be. There are answers in this chamber, only thing we need to do is listen",,"Reflect: Gain +1 @ArgoFate and write an Argonaut's name on the Timeline (event), 7 days from now. You cannot use this ability again until you resolve this event. When you resolve this event, the Argonaut gains +1 Mnemos Node for a chosen Mnemos card",,
AA0043,Minoan Investigations,,Technology,Odyssey,Cycle I,Standard,,Structural,,"We need to follow up on these loose threads, who knows where they can lead us..",Rhetoric,—,TRUE,Regular scouting expeditions are starting to bear fruit,,Scout Reports: Permanent. You may re-roll your Adventure Hubs Table roll (once),,
AA0044,Titan Hunting,,Technology,Odyssey,Cycle I,Standard,,Structural,,"There's only a handful of Titans onboard the Argo. If we are meant to survive, we need to... procure more","Titanogenesis, Rhetoric",Titan Rearing,FALSE,"Only philosophers are able to subdue wild Titans and bring them to the Argo, but they refuse to share their secrets",,Titanokinigos: Immediate. Add the [Untamed Titan|AB0108] Exploration card to the Exploration deck.; Expedition: Gain +1 @ArgoFate when the Argo is on a Map tile with @Titan symbol to test Diplomacy (7+). Success: Gain +1 Titan,,
AA0045,Titan Rearing,,Technology,Odyssey,Cycle I,Standard,,Structural,,A set of rules and practices that will allow us to house more Titans effectively,Titan Hunting,—,FALSE,"With the new practices in place, we can expand our Titan roster",,"Titan Stoa Capacity II: Permanent. Titan Limit: 15.; Comeback: If you win a Battle that you started with less than 4 Titans, after the Battle gain +X @ArgoFate to gain as many Dreamwalker Titans as to have a total of 4 Titans in the Stoa. X is the number of Titans gained",,
AA0046,Archeolinguistics,Centimanes Glyphs,Technology,Odyssey,Cycle I,Tarot,Secret Deck 01,Structural,,These symbols are not merely decorative...,@ArgoKnowledge 2+,—,FALSE,"It is a language, long forgotten. With time, we may learn to decipher it",,"Centimanes Glyphs: Permanent. @CentimanesOne is 'one'.<<NL>>During your Voyages, you will encounter other glyphs that will help you decode the Centimanes Scripts (sequences of glyphs) and find the secret Centimanes paragraphs in the Main Story. These will be denoted by a @ThumbsUp at the beginning of the paragraph. If the paragraph doesn't show this symbol, you must've made a mistake in your decoding -- don't read it! If that's the case, gain +1 @ArgoFate",,
AA0047,Advanced Trading Solutions,,Technology,Odyssey,Cycle I,Standard,,Structural,,"Remember the old saying: ""You do not win a war with swords. You win it with bread.""",Trading Solutions,Superior Trading Solutions,TRUE,Your agents arrive in town before the Argo and lay the groundwork for successful negotiations,,"Trade Agents: Permanent. First time you use a Negotiation Ability each day, you may ignore its associated @ArgoFate gain",,
AA0048,Crew Expansion,,Technology,Odyssey,Cycle I,Standard,,Structural,,"A lot of the men and women who joined us on Kephallonia have died or departed. If we don't replace them, we'll soon command a ship of ghosts",Trading Solutions,Advanced Crew Expansion,TRUE,"There's a lot of people who enlist only for the promise of a roof over their head and a bowl of warm soup. We need to watch them closely, for they may prove flighty",,Port Recruitment: City Negotiation. Gain +1 @ArgoFate and +1 @Strangers to gain +1 @Crew,,
AA0049,Advanced Crew Expansion,,Technology,Odyssey,Cycle I,Standard,,Structural,,We need to send out recruiters who actively look for volunteers to our cause,Crew Expansion,—,TRUE,"Each time only a few brace to join our ranks. The most determined, strong-willed and driven. We wouldn't have it any other way",,Minoan Security Protocols: Save. Gain +1 @ArgoFate when you are about to lose @Crew during the Voyage or Adventure Phase to test (Diplomacy 7+).<<NL>>*Success:* Lower this @Crew loss by 1 (to a minimum of 0),,
AA0050,Superior Trading Solutions,,Technology,Odyssey,Cycle I,Standard,,Structural,,Argo is a big ship. A floating city. It's time to bring commerce to us,Advanced Trading Solutions,—,TRUE,,,Porta of Strangers: Trading,,
AA0051,Spark of the Dead Gods,Forlorn Naos,Technology,Odyssey,Cycle I,Tarot,Secret Deck 01,Structural,,"The gods may be dead, but they left plenty of evidence of their existence and passing",@ArgoKnowledge 4+,—,FALSE,"In this temple to the fleeting memory of tyrannous idols, fates are shaped and powers seized",,"Godforms: Permanent. From now on you can Awaken! (See Rulebook). When you gain a Godform, note it on the Argo Sheet in the Godforms section.; Bend Fate: Lose -1 Priest to lose -1 @ArgoFate",,
AA0052,Strange Alliance,Nymph Adyton,Technology,Odyssey,Cycle I,Tarot,Secret Deck 01,Structural,,"The Olympians are dead, their Mount razed and their cults scattered. Howbeit, nature abhors a vacuum",@ArgoKnowledge 3+,—,FALSE,"The Nymphs are completely alien to us, their motives unknown and unscrupulous. Yet they may be bargained with...",,Mythic Allies: Permanent. You can summon Nymphs (see Rulebook). Summon Limit: 1.; Hymn of the New: Gain +1 @Doom and lose -2 Priests to regain a spent Summon Charge.; Gain +2 @ArgoFate and +2 @Doom to regain a spent Summon Charge,,
BA0982,Forgotten Knowledge,Last Academy,Technology,Odyssey,Cycle II,Tarot,Secret Deck 06,Structural,Core,"The Last Tome has much to teach us still, its one and only page, written in phos scripture, divulges new information each time it is used",—,—,FALSE,"Here the philosophers and academicians conduct their research, pouring over dusty tomes and phos scriptures",,"Forgotten Knowledge: Reference. When you start a new Cycle II campaign, tak eall of the Combat and Structural Technology cards you have researched and remove all that have the 'Cycle I only' tag. You won't need those in Cycle II. Note that you will also have a very limited use of Cycle I Production Facilities, so you may remove these cards too. Permanent. Crew Limit: 8, Hull Limit: 5. (You cannot gain @Crew or @hull if they would exceed this limit.)",,
BA0983,Argo's Mission,Bridge Tholos,Technology,Odyssey,Cycle II,Tarot,Secret Deck 06,Structural,Core,"Your time on Crete has changed you, you now have a purpose. To bring hope and peace to a post-Eschaton world",—,—,TRUE,From here the Argonauts shape their fate and steer the mighty Argo towards its victory,,Visiting Traders: Trading,,
BA1003,Nietzschean Sighting,,Technology,Odyssey,Cycle II,Standard,,Combat,,"The Spartan summons and controls the Nietzschean monster, seemingly at will and from thin air",Nietzschean LVL 1 Battle,Nietzschean Meeting Study,FALSE,,,"Crippled Titans: Reference. If a Titan is crippled, it is not killed. It still takes space in the Titan Stoa, but you cannot junction with it in Battle, use it for Titan Breeding, or lose it as a penalty for any reason",,
BA1007,Temenos Project,Labyrinthian Mine,Technology,Odyssey,Cycle II,Tarot,Secret Deck 06,Structural,Core,"Temenos was a formidable foe. Even in death, his body retains transformative properties and his maze shell is harder than stone",—,—,TRUE,"In one of the vast holds of the Argo, the carcass of Temenos is mind for valuable resources. The pit of despair transformed into a font of hope",,"Labyrinthian Mine: The Exploration deck has several cards showing your mining efforts. These cards award you with Temenos Primordial resources.<<NL>>If you are on Story 2A or further, during Advancement Steop you may trade these resources for War Triremes (any number of times):<<NL>>1 Maze Fragment <<>> 1 War Trireme<<NL>>1 Fear Essence <<>> 1 War Trireme",,
BA1019,Argo Works II,Grand Agora,Technology,Odyssey,Cycle II,Tarot,Secret Deck 06,Structural,Core,"Alkibiades Argo Works is the living, beating heart of the ship. This is where dreams become reality",—,"Mobile Trade Fleet Dock, Canal Reconnaissance, Argo Security",TRUE,"To stand a chance against the Primordials, the smiths and priests of the Argo work tirelessly on new types of gear and new engineering solutions",,"Abyss Power: Reference. When instructed to apply Ascendency rules, all Gear cards with a Power Level lower than II (and without the Ascended keyword) incur the following penalties for the remainder of the Cycle:<<NL>>(Weapons only) When you attack with this weapon, you cannot use any tokens from the Kratos Pool or place any tokens in the Kratos Pool.<<NL>>You do not benefit from {Power Re-roll X}.<<NL>>Increase all @Fate cost on the card by 1.<<NL>>(Armor and Shield only) -1 @Potential on Armor Roll<<NL>>-1 Evasion re-roll @EvasionReroll (to a minimum of 0)<<NL>>-1 Evasion bonus @Evasion (to a minimum of 0)",,
BA1020,Titanomorphosis,Titan Stoa,Technology,Odyssey,Cycle II,Tarot,Secret Deck 06,Structural,Core,"As we learn more about the Titans and their tendencies, we unlock some of their hidden potential: we call it Argo Breeding",—,"Titan Breeding, Spartan Investigations, Political Protection",FALSE,"Here the Titans are tamed and stored when not in use. Some call this place a warehouse, some call it a prison",,"Titanomorphosis: Reference. Unlike Fused Titans, Titans created through Titan Breeding don't require a Primordial Core, unless it is specifically stated.; Titan Stoa Capacity II: Permanent. Titan Limit: 15",,
BA1021,Mnestis Theater,,Technology,Odyssey,Cycle II,Standard,Secret Deck 04,Structural,,A chamber in which a user can experience an illusory physical environment could be the greatest of training rooms,@ArgoKnowledge 20+,Nymph Studies,FALSE,What would Plato say of us now? Shadows casting shadows?,,Mnestis Applications: Permanent. You've unlocked the Mnestis Theatre,,
BA1022,Nymph Studies,,Technology,Odyssey,Cycle II,Standard,,Structural,,"We know the Nymphs can be persuaded to help our cause, it's just a matter of finding out the best way to appease them",,,FALSE,Do they have a stake in this game? Or are we mere playthings?,,Adyton Extension: Permanent. Summon Limit: 2,,
BA1023,Political Protection,,Technology,Odyssey,Cycle II,Standard,,Structural,,"There may be some who oppose the Nietzschean's rule. If we grant them protectoin, they may server as a useful source of information",Titan Stoa,Refugee Relief Effort,TRUE,Defectors and informants risk their lives to help your cause,,Asylum: Permanent. You can gain Defectors. Immediate. Gain +1 Defector.; Subterfuge: Lose -1 Defector when you are about to perform a Diplomacy test or any test or roll in the Adventure Phase to add +3 to the result,,
BA1024,Refugee Relief Effort,,Technology,Odyssey,Cycle II,Standard,,Structural,,The war is displacing whole communities. We can offer them a safe haven,Political Protection,"Recruitment Programs, Counterintelligence",TRUE,There is nothing more satisfying than the look on the faces of a family reunited,,Argo Community: City Negotation. Gain +X @ArgoFate and lose -1 @Refugees to gain +1 Humanity and +1 Diplomacy with the Local Faction. %Hidden or Distrustful%: X is 1. %Friendly or Allied%: X is 2.; Black Breath Cure: Lose -1 Priest to make one Argonaut lose the Black Breath Affliction,,
BA1025,Recruitment Programs,,Technology,Odyssey,Cycle II,Standard,,Structural,,The war is taking its toll on your crew. You need to double your recruitment efforts. The refugees are more than eager to volunteer,Refugee Relief Effort,Refugee Integration,TRUE,"This is their chance to make things right, reclaim their homes and their lives",,Refugee Enrollment: Gain +1 @ArgoFate to test Diplomacy (7+). *Success*: You may lose -1 @Refugees to gain +1 @Crew,,
BA1026,Refugee Integration,,Technology,Odyssey,Cycle II,Standard,,Structural,,The once nigh-indestructible Argo has seen better days. There are too many repairs to perform and too few hands to carry them out,Recruitment Programs,—,TRUE,You crew and your refugee friends work hand in hand to keep the Argo going,,"Volunteer Repair Crews: Save. Gain +1 @ArgoFate when you are about to lose @Hull during the Voyage or Adventure Phase, to test (X+), where X is 9 minus the number of Refugees you have. *Success*: Lower this @Hull loss by 1 (to a minimum of 0). If you roll a '1', lose -1 @Refugees",,
BA1027,Spartan Investigations,,Technology,Odyssey,Cycle II,Standard,,Structural,,Your experiences on Crete dictate you should establish a robust scout network,Titan Stoa,"Theseus Method, Counterintelligen",TRUE,Your scouts direct you to the places you're most needed at,,"Lakonian Scout Reports: Permanent. After you roll on the Adventure Hubs table, you may choose to resolve an adventure from the hub you rolled or the one in the row directly above",,
BA1028,Theseus Method,,Technology,Odyssey,Cycle II,Standard,,Structural,,"The next logical step. The Nietzschean is waging a shadow war, the sooner you muster your own shadow warriors, the better",Spartan Investigations,Grassroots Support,TRUE,"The work of a spy is thankless, but it saves lives",,Spy Network: Immediate. Add the [Spy Network|BB1242] Exploration card to the Exploration deck,,
BA1029,Grassroot Support,,Technology,Odyssey,Cycle II,Standard,,Structural,,Establishing relations with the local populations will help in your information gathering efforts,Theseus Methods,—,TRUE,"There is something here, the Symmachy would call it synoikismos. You would call it unity of purpose",,Resistance Spies: Gain +1 @ArgoFate when the _Argo_ is on an explored tile with the @Progress symbol to test Diplomacy (7+).<<NL>>*Success:* Gain +1 @Progress.; Allied Intelligence: City Negotation. Gain +1 @ArgoFate to gain +1 @Progress,,
BA1030,Mobile Trade Fleet Dock,,Technology,Odyssey,Cycle II,Standard,,Structural,,Trading is almost impossible in times of war. But smuggling isn't trading,Grand Agora,Alliance Contacts,TRUE,"The Thebans, the Nubians, the various unaligned movers: they all smell opportunity",,Smuggler Contacts: Immediate. Add the [Smugglers|BB1253] Exploration card to the Exploration deck,,
BA1031,Alliance Contacts,,Technology,Odyssey,Cycle II,Standard,,Structural,,"We need to be heard, we need to be seen. The people of Sparta need to know we come to help",Mobile Trade Fleet Dock,Mobile Trade Fleet Hub,TRUE,"Trust is slow to build, but it is always worth it",,"Reconnaissance: City Negotation. If Hidden or Distrustful with the Local Faction, lose a total of X Maze Fragment, Fear Essence, and/or Mortal resources to gain +1 to this Faction's Diplomacy value. X is your current Diplomacy value with this Faction.; Recruitment: Gain +1 @ArgoFate and lose 4 Relief resources to add the [Recruitment Drive|BB1241] Exploration card to the Exploration deck",,
BA1032,Mobile Trade Fleet Hub,,Technology,Odyssey,Cycle II,Standard,,Structural,,Turning the Trade Fleet Dock into a mobile smuggler haven will allow us free access to goods from all over Sparta,Alliance Contacts,—,TRUE,,,Black Market: City Negotation. Trading,,
BA1033,Canal Reconnaissance,,Technology,Odyssey,Cycle II,Standard,,Structural,,Great River Works. And here you thought you were done with mazes. It's time to map them out,Grand Agora,Up-stream Navigation,FALSE,,,"Vanguard Hemiolias: Immediate. Place a generic token on this card. This is the Hemiolia token.; Scout Ship: If the Hemiolia token is on this card, choose an unexplored Map tile number adjacent to the _Argo_. Reveal that tile and place the Hemiolia token on it. Treat this tile as unexplored.<<NL>>*Recall Scout Ship:* If the Hemiolia token is on a Map tile, test Diplomacy (8+) to recall it (use the Diplomacy modifier of the Local Faction on the tile with the Hemiolia token). *Success:* Place the Hemiolia token on this card. *Fail:* Discard the Hemiolia token. When you move onto the tile with the Hemiolia token, you must immediately resolve the ability above, adding +3 to the result.<<NL>>*Create Scout Ship:* If the Hemiolia token is discarded, lose 5 Trireme or 2 War Trireme resources and gain +1 @ArgoFate to add the _Vanguard Hemiolia_ Event to the Timeline, 4 days from now. When you resolve this event, place the Hemiolia token on this card",,
BA1034,Up-stream Navigation,,Technology,Odyssey,Cycle II,Standard,,Structural,,"Argo's aeolipile engines are running on a fraction of their maximum power, or so the engineers claim. Let's put it to the test",Canal Reconnaissance,"Sluice Gate System Integration, Wartime Protocols, Ambrosia Spill Solution",TRUE,"Argo cannot take a continued strain on its engines. But in short bursts, it can be tactically advantageous",Upstream,Turbo-charged Engine: Gain +1 @ArgoFate to move through a @Lock waterway with the Up-stream symbol.; Gain +1 @ArgoFate during the Movement Step to test (8+).<<NL>>*Success:* Ignore Blockades and Ambrosia Sludge,,
BA1035,Sluice Gate System Integration,,Technology,Odyssey,Cycle II,Standard,,Structural,,"There is a Second Cataract up north. If we integrate the Ignition system into the Argo, we won't even need to take a gate fortress","Up-stream Navigation, Story 3A",—,TRUE,An onboard machina breaks the gate's cypher and sends a counterfeit signal,SecondCataract,"Sluice Remote Ignition: Immediate. Gain the [Second Cataract Fortification Line|BC1177] Clue card (Secret deck 5, card 39). Permanent. You can move through @Lock waterways with the Second Cataract symbol",,
BA1036,Argo Security,,Technology,Odyssey,Cycle II,Standard,,Structural,,"There are many people coming onboard the Argo nowadays, too many to count. We need to tighten security",Grand Agora,"Counterintelligence, War Recruitment",TRUE,You can recognize the Guard Mora soldiers by the red stripes on their uniforms,,Guard Mora: Save. Gain +1 @ArgoFate when you are about to lsoe @Crew during the Voyage or Adventure Phase to test Diplomacy (7+).<<NL>>*Success:* Lower this @Crew loss by 1 (to a minimum of 0),,
BA1037,War Recruitment,,Technology,Odyssey,Cycle II,Standard,,Structural,,Many among our Allies' ranks wish to serve on the Argo. It's time we let them,"Argo Security, Dipomacy (any Faction) 7+","War Propylon, Trauma Growth",TRUE,Many volunteers flock to our cause,,Call to Arms: City Negotation. Gain +1 @ArgoFate to gain +1 @Crew,,
BA1038,War Propylon,,Technology,Odyssey,Cycle II,Standard,,Structural,,The original Propylon wasn't built to handle war operations,War Recruitment,"Wartime Protocols, Argo Maintenance",FALSE,It's comforting to know the Argo has your back,,Argo Support III: Permanent. Argo Ability (AA) Limit: 4,,
BA1039,Wartime Protocols,,Technology,Odyssey,Cycle II,Standard,,Structural,,"The Argo wasn't built as a warship, but it needs to become one","Up-stream Navigation, War Propylon",—,FALSE,"You promise yourselves, you will dismantle most of this Ares-cursed equipment once the war is over",,"Spartan Retrofitting: Immediate. Gain +1 @Crew and +1 @Hull. Permanent. Crew Limit: 9, Hull Limit: 6",,
BA1040,Argo Maintenance,,Technology,Odyssey,Cycle II,Standard,,Structural,,"As Alkibiades and his crews learn the ins and outs of the Argo, more on the fly repairs become a possibility - provided you have access to a shipyard",War Propylon,—,TRUE,"There is a lot of shared concepts between the Symmachy's vessels designs and the Argo. Though the latter seems aeons ahead, technologically",,General Repairs: City Negotation. Gain +2 @ArgoFate to gain +1 @Hull,,
BA1041,Titan Breeding,,Technology,Odyssey,Cycle II,Standard,,Structural,,The anitkratos philosophers are ready to expand their Titan work,Titan Stoa,Grand Stoa,,Your time on Crete has left you with a purpose - and new Titans to help you along the way,,"Cretan Strains Breeding: Lose 1 Dreamwalker Titan to note a Mazerunner, Earthshaker,_ or _Logicbreaker_ Event on the Timeline, 10 days from now. When you resolve this event, gain one Titan of the corresponding class. You cannot use this ability again until you resolve the event.; Accelerated Cretan Breeding: You may gain +1 @ArgoFate to use Cretan Strains Breeding with Cooldown: 12 days. If you do, write the chosen Breeding event 5 days from now instead",,
BA1042,Grand Stoa,,Technology,Odyssey,Cycle II,Standard,,Structural,,A new home for your Titans,Titan Breeding,Titan Training,FALSE,"As the Stoa expands, you are able to sustain a growing herd of Titans",,"Titan Stoa Capacity III: Permanent. Titan Limit: 20.; Dreamwalker Breeding: Note the _Dreamwalker_ Event on the Timeline, 9 days from now. When you resolve this event, gain 1 Dreamwalker Titan. You cannot use this ability again until you resolve this event",,
BA1043,Titan Training,,Technology,Odyssey,Cycle II,Standard,,Structural,,Titans are natural warriors. But what if you trained them?,Grand Stoa,—,FALSE,,,"Titan Gymnasion: Immediate. Form the Gymnasion deck: Find all Cycle I and Cycle II Pattern cards and all Pattern cards that you gained in Cycle III (except the ones currently assigned to Titans).; Gain +1 @ArgoFate to note a _Titan's name (Training)_ Event on the Timeline, 7 days from now. When you resolve this event, that Titan may gain one of the Pattern (Training) or Pattern (Conditioning) cards from the Gymnasion deck. You cannot use this ability again until you resolve this event",,
BA1044,Old Transportation System,,Technology,Odyssey,Cycle II,Standard,Secret Deck 04,Structural,,The Helots tell of old roads for ships. It's worth investigating,—,—,TRUE,"The diolkos network, though ancient, is still usable. Such is the legacy of Leleges stonework",,Diolkos Access: Gain +1 @ArgoFate to travel through a @Lock waterway with the Diolkos symbol. Cannot be used during Story 3A,,
BA1045,Counterintelligence,,Technology,Odyssey,Cycle II,Standard,,Structural,,The Argo has been infiltrated by spies and saboteurs. It's time to weed them out,"Refugee Relief Effort, Spartan Investigations, Argo Security",Trauma Growth,TRUE,Krypteia has found its match,,"Argo Investigators: Immediate. Remove a random Sabotage card from the Exploration deck. Permanent. For the purpose of Sabotage card effects, treat your @Refugees value as 1 lower",,
BA1046,Trauma Growth,,Technology,Odyssey,Cycle II,Standard,,Structural,,The Nietzschean's propensity for cruelty has left your Titans crippled. That was his mistake,"Counterintelligence, War Recruitment",—,FALSE,"Trauma is nothing to strive for, but when it happens, it is a chance for a rebirth",,"Rehabilitation: Choose a crippled Titan. Note a _Titan's name (Rehabilitation)_ event on the Timeline, 7 days from now. When you resolve this event, the chosen Titan stops being crippled. You cannot use this ability again until you resolve this event. ; Counseling: Lose -1 Priest. Chosen Argonaut loses the Consumed by Rage Affliction",,
BA1047,Ambrosia Spill Solution,,Technology,Odyssey,Cycle II,Standard,,Structural,,The Argo Works are certain they can use the technology of the Aeolipilean Engineroom to combat ambrosia,Up-stream Navigation,—,TRUE,"The liquifier breaks the bonds of the ambrosia mass, making it easier to navigate or harvest",,Ambrosia Liquifier: Gain +1 @ArgoFate when you draw the [Ambrosia Spill|BB1251] or [Black Sludge|BB1250] Exploration card to discard it without resolving its effect and gain 3 Violent Ambrosia resources,,
CA1568,First Tome,Last Academy,Technology,Odyssey,Cycle III,Tarot,Secret Deck 09,Structural,Core,You have clung to the Last Tome as the last vestige of a dying civiliization. But you had it all wrong. It all starts here. It's not the Last Tome. It's the First,—,—,FALSE,"Should we call it the First Academy then? No, let it confuse our adversaries",,"Forgotten Knowledge: Reference. When you start a new Cycle II campaign, tak eall of the Combat and Structural Technology cards you have researched and remove all that have the 'Cycle I only' tag. You won't need those in Cycle II. Note that you will also have a very limited use of Cycle I Production Facilities, so you may remove these cards too. Permanent. Crew Limit: 9, Hull Limit: 6. (You cannot gain @Crew or @hull if they would exceed this limit.)",,
CA1569,Argo's Destiny,Bridge Tholos,Technology,Odyssey,Cycle III,Tarot,Secret Deck 09,Structural,Core,"The Nietzschean War is over and the Argo sets course for Delphi, the last open wound of the Eschaton",—,—,TRUE,From here the Argonauts defy their fate and steer the mighty Argo towards a brighter future,,Visiting Traders: Trading,,
CA1596,Abyss Expedition,Abyss Pharos,Technology,Odyssey,Cycle III,Tarot,Secret Deck 09,Structural,Core,"Not much was left of the Nietzschean, a puddle of boiling ambrosia. It bubbled and churned and was deemed to dangerous to leave in Sparta. So you to took it with you, to safeguard and study",—,—,TRUE,"This is a dangerous place, it's easy to get swallowed by the enormity and totality of the Nietzschean's echo, but also of raw power. You will harness it for good",,"Abyss Pharos: The Exploration deck has several cards showing your efforts to tame the power of the pool. These cards award you with Nietzschean Primordial resources.<<NL>>If you are on Story 2A or further, during Advancement Steop you may trade these resources for Hyperborean Alloy (any number of times):<<NL>>1 Living Abyss <<>> 1 Hyperborean Alloy<<NL>>1 Skin of Malice <<>> 1 Hyperborean Alloy",,
CA1607,Argo Works III,Grand Agora,Technology,Odyssey,Cycle III,Tarot,Secret Deck 09,Structural,Core,"Alkibiades Argo Works is the living, beating heart of the ship. This is where dreams become reality",—,"Delphian Investigations, Ultimate Trading Solutions",TRUE,"To stand a chance against the Primordials, the smiths and priests of the Argo work tirelessly on new types of gear and new engineering solutions",,"Pitiless Power: Reference. When instructed to apply Ascendency rules, all Gear cards with a Power Level lower than III (and without the Ascended keyword) incur the following penalties for the remainder of the Cycle:<<NL>>(Weapons only) When you attack with this weapon, you cannot use any tokens from the Kratos Pool or place any tokens in the Kratos Pool.<<NL>>You do not benefit from {Power Re-roll X}.<<NL>>Increase all @Fate cost on the card by 2.<<NL>>(Armor and Shield only) -1 @Potential on Armor Roll<<NL>>-1 Evasion re-roll @EvasionReroll (to a minimum of 0)<<NL>>-1 Evasion bonus @Evasion (to a minimum of 0)",,
CA1608,Titanoaristia,Titan Stoa,Technology,Odyssey,Cycle III,Tarot,Secret Deck 09,Structural,Core,The Titans have come through for us in Sparta. We need to acknowledge they're more than just animals,—,Advanced Titan Breeding,FALSE,"When the Antikratos Protocols are loosened, the Titans begin to exhibit a wide array of emotions",,"Titanoaristia: Immediate. Resolve _Inwards Odyssey 40: Song of Life_ Adventure (if you haven't already). Reference. Each time a Titan dies in Battle, other Titans may gain +1 @Rage. In addition, when a Titan survives an Obol Draw, they may gain +1 @Rage (as noted on the new _You Live!_ Obol cards.; Titanomorphosis: Reference. Unliked Fused Titans, Titans created through Titan Breeding don't require a Primordial Core, unless it is specifically stated.; Titan Stoa Capacity III: Permanent. Titan Limit: 20",,
CA1609,Surviving The Loop,,Technology,Odyssey,Cycle III,Standard,Secret Deck 07,Structural,,"When the loop resets, everyhing resets. Except the Argo",—,"Time Solutions, Argo Timeline Security, Trespass Protocol",TRUE,,,"Ariadne's Time Anchor: During the Exploration Step, if the Argo is on a Map tile with a @Lighthouse symbol, you may move Ariadne's Anchor token to that Map tile",,
CA1610,Chronosail,,Technology,Odyssey,Cycle III,Standard,,Structural,,"With a sufficiently powerful chronosail, we might be able to force the loop to quicken","Advanced Time Solutions, Story 3A",—,TRUE,Passage of time in Delphi is inexplicably tied to the Sun,,Change Course: Gain +1 @ArgoFate to immediately resolve the Loop effect,,
CA1611,Trespass Protocol,,Technology,Odyssey,Cycle III,Standard,,Structural,,We need to gain access to the Past,"Surviving The Loop, 20+ explored tiles in the Present","Time Wounds, Icebreaker Protocol",TRUE,A breaker capable of punching through the fabric of spacetime,,Permanent. You can move through @Lock waterways with the @PastPortal symbol,,
CA1612,Icebreaker Protocol,,Technology,Odyssey,Cycle III,Standard,,Structural,,We need to be able to traverse the Future,"Trespass Protocol, 20+ explored tiles in the Past",Extinction Protocols,TRUE,A reinforced breaker that will take you to the very end of time,,Permanent. You can move through @Lock waterways with the @FuturePortal symbol,,
CA1613,Time Wounds,,Technology,Odyssey,Cycle III,Standard,,Structural,,"These erratic portals lead through space, not time",Trespass Protocol,Sun Shielding,TRUE,An engine capable of punching through a Time Wound,,Timeline Access: Gain +1 ArgoFate to travel through a @Lock waterway with the @TimeWound symbol,,
CA1614,Time Solutions,,Technology,Odyssey,Cycle III,Standard,,Structural,,"If the icebergs contain frozen time, we may be able to extract it",Surviving The Loop,Temporal Aegis,TRUE,Time is malleable..,,Reaping Time: Permanent. You can gain Frozen Time.<<NL>>*Time Silo:* 3 (You cannot gain Frozen Time if it would exceed your Time Silo limit).; Extend the Loop: Lose -1 Frozen Time to extend your current Loop by 1,,
CA1615,Advanced Time Solutions,,Technology,Odyssey,Cycle III,Standard,,Structural,,With proper callibrations we may steal some time from the next loop,Temporal Aegis,Chronosail,TRUE,...and transferable,,Grand Theft Time: Gain +2 @ArgoFate or gain +1 @Paradox to extend your current Loop by 1.; *Time Silo:* 5,,
CA1616,Temporal Aegis,,Technology,Odyssey,Cycle III,Standard,,Structural,,"As we travel loop after loop, paradoxes start to accrue. We need to eliminate them as they come",Time Solutions,"Advanced Time Solutions, Moirai Operation, Extinction Contingency",TRUE,Stand against the tyranny of the Sun,,Paradox Shield: Save. Gain +1 @ArgoFate when you are about to gain @Paradox during the Voyage or Adventure Phase to test Diplomacy (7+).<<NL>>*Success:* Lower this @Paradox gain by 1 (to a minimum of 0).; Realign Timeline: City Negotation. Gain +1 @ArgoFate to lose -1 @Paradox,,
CA1617,Stasis Theory,,Technology,Odyssey,Cycle III,Standard,,Structural,,We may be able to completely freeze sections of the Argo in time,Extinction Contingency,—,TRUE,Save them later,,"Stasis: Gain +1 @ArgoFate to stop any loss or gain of @Crew, @Hull, Titan, Frozen Time, or @Paradox. This loss or gain is then *in stasis*. Note this on your Argo Sheet. During each following Timeline Step you must gain +1 @ArgoFate to sustain the stasis or immediately resolve the noted gain or loss",,
CA1618,Moirai Operation,,Technology,Odyssey,Cycle III,Standard,,Structural,,It is time to challenge the Fates themselves,"Temporal Aegis, Intelligence Gathering",—,TRUE,The Moirai will not stop us,,Oracle Resistance: City Negotation. Lose -1 Titan or -1 Priest to test Diplomacy (7+).<<NL>>*Success:* Lose -3 @ArgoFate,,
CA1619,Extinction Contingency,,Technology,Odyssey,Cycle III,Standard,,Structural,,"We may be able to change reality, but the cost will be terrible",Temporal Aegis,Stasis Theory,TRUE,Here's to you,,Timeline Skip: Lose -1 @Crew or -1 @Hull to lose -2 @ArgoFate,,
CA1620,Argo Timeline Security,,Technology,Odyssey,Cycle III,Standard,,Structural,,We need to safeguard the Argo against temporal threats,Surviving The Loop,Quantum Propylon,TRUE,Each deviation investigated and catalogued,,Delphian Security Protocols: Save. Gain +1 @ArgoFate when you are about to lose @Crew during the Voyage or Adventure Phase to test Diplomacy (7+).<<NL>>*Success:* Lose this @Crew loss by 1 (to a minimum of 0),,
CA1621,Extinction Protocols,,Technology,Odyssey,Cycle III,Standard,,Structural,,The Last Academy has been listening to the echoes from the Future,"Quantum Propylon, Icebreaker Protocol",—,FALSE,State of the art - in the far future,,"Future Retrofitting: Immediate. Gain +1 @Crew and +1 @Hull. Permanent. Crew Limit: 10, Hull Limit: 7, Time Silo: 6",,
CA1622,Delphian Diplomatic Relations,,Technology,Odyssey,Cycle III,Standard,,Structural,,"If you are to work with the people of Delphi, you need to understand the ideologies that divide them",Ultimate Trading Solutions,Chronopolitics,TRUE,Delphi is like a broken amphora. Put it back together,,Gifts: City Negotiation. Lose 4 Mortal resources and gain +1 @ArgoFate to gain +1 Diplomacy with the Local Faction,,
CA1623,Chronopolitics,,Technology,Odyssey,Cycle III,Standard,,Structural,,Stop the war by preventing it from starting in the first place,"Delphian Diplomatic Relations, At War, lose -1 Titan, gain +1 Doom",—,TRUE,This type of tampering is extremely dangerous,,Lasting Peace: Immediately. Choose 1 Faction you are At War with and immediately set your Diplomacy with this Faction to '-6'. This ability ignores the normal restrictions of the At War Diplomacy Threshold,,
CA1624,Delphian Investigations,,Technology,Odyssey,Cycle III,Standard,,Structural,,Scouts are sent to all corners - and times - of Delphi,Argo Works III,Intelligence Gathering,TRUE,You begin to piece together a temporal topography of Delphi,,"Delphian Scout Reports: Permanent. After you roll on the Adventure Hubs Table, you may choose to resolve an Adventure from the hub you rolled or the one in the row directly below",,
CA1625,Ultimate Trading Solutions,,Technology,Odyssey,Cycle III,Standard,,Structural,,"Delphi is rich in resources, we need to establish trade with its powers",Argo Works III,Delphian Diplomatic Relations,TRUE,,,City Trading: City Negotation. {Trading}.; Nubian Contacts: Immediate. Add the [Nubian Traders|CB1677] Exploration card to the Exploration deck,,
CA1626,Intelligence Gathering,,Technology,Odyssey,Cycle III,Standard,,Structural,,You're on the verge of establishing a time-spanning network of agents,"Delphian Investigations, 30+ explored tiles","Moirai Operation, Delphi Peoples' Support",TRUE,It seems your agents were always there. Or are they leftovers from a previous loop?,,Time-spanning Intelligence Network: Immediate. Add the [Spy Network|CB1650] Exploration card to the Exploration deck,,
CA1627,Delphi Peoples' Support,,Technology,Odyssey,Cycle III,Standard,,Structural,,The peoples of Delphi want to break free from this time prison just as much as you do,"Intelligence Gathering, 45+ explored tiles",—,TRUE,The people of Delphi have a long history of rebellion against fanaticism,,Chronoagents: Gain +1 @ArgoFate when the _Argo_ is on an explored tile with the @Progress symbol to test Diplomacy (7+).<<NL>>*Success:* Gain +1 @Progress,,
CA1628,Advanced Titan Breeding,,Technology,Odyssey,Cycle III,Standard,,Structural,,The antikratos philosophers are ready to expand their Titan work,Titanoaristia / Titan Stoa,Titan Genetic Memory,FALSE,Your time in Sparta has left you with a few scars and a mission,,"Spartan Strains Breeding: Lose 1 Dreamwalker Titan to note a _Firestarter, Warkeeper,_ or _Abysswatcher_ Event on the Timeline, 10 days from now. When you resolve this event, gain one Titan of the corresponding class. You cannot use this ability again until you resolve the event.; Accelerated Spartan Breeding: You may gain +1 @ArgoFate to use Spartan Strains Breeding with Cooldown: 12 days. If you do, write the chosen Breeding event 5 days from now instead",,
CA1629,Titan Care,,Technology,Odyssey,Cycle III,Standard,,Structural,,A new home for your Titans,Titan Genetic Memory,—,FALSE,The Argostoa will allow the Titans to roam free,,Titan Triage: Save. Gain +1 @ArgoFate when you are about to lose a Titan in the Voyage or Adventure Phase to test Diplomacy (7+).<<NL>>*Success:* Ignore this losee,,
CA1630,Titan Genetic Memory,,Technology,Odyssey,Cycle III,Standard,,Structural,,There is knowledge hidden in the Titans' blood,Advanced Titan Breeding,Titan Care,FALSE,"Not quite Argo-bred, yet not fully Gaia-born",,"Gymnasion Expansion: Immediate. Add all Pattern cards you gain in Cycle III to the Gymnasion deck or form the Gymnasion deck if you haven't already: Find all Cycle I and Cycle II Pattern cards and all Pattern cards that you gained in Cycle III (except the ones currently assigned to Titans).; Gain +1 @ArgoFate to note a _Titan's name (Grafting)_ Event on the Timeline, 7 days from now. When you resolve this event, that Titan may gain one of the Pattern (Strain) cards from the Gymnasion deck. You cannot use this ability again until you resolve this event",,
CA1631,Sun Shielding,,Technology,Odyssey,Cycle III,Standard,,Structural,,"The Sun seems to be against us, we need to develop proper shielding",Time Wounds,—,TRUE,Once nobody would are to even think of denying the Sun,,"Sun Save: Save. Lose -1 Frozen Time when you are about to lose @Hull, lose @Crew, or gain @Doom to roll a d10. On 4+, ignore this loss or gain.; Sun Shield: When you draw the [Chekov's Sun|CB1657] Exploration card, gain +1 @ArgoFate and lose -1 Frozen Time to ignore its effect and gain +1 @Hull or +1 @Crew instead",,
CA1632,Quantum Propylon,,Technology,Odyssey,Cycle III,Standard,,Structural,,"An extension to the War Propylon, this will allow us ot react to unforseen threats",Argo Timeline Security,Extinction Protocols,FALSE,Drawing upon adjacent parallel timelines for support,,"Temporal Argo Support: At the start of Battle, choose up to 1 reserve Argo Ability. At the start of any Titan Round, you may remove 1 of the currently prepared Argo Abilities from the Battle and put the reserved Argo Ability into play (with a full amount of charges)",,
CA1633,Awakening Studies,,Technology,Odyssey,Cycle III,Standard,,Structural,,You've mastered the Godforms. Is there a greater power?,Adyton Completion,—,FALSE,Beyond gods,,Argonaos: Permanent. You can Go Beyond (see Cycle III Storybook rules).; Fate-breaking: Lose 1 Priest to make a chosen Argonaut lose the Moirai Mistake Affliction,,
CA1634,Adyton Completion,,Technology,Odyssey,Cycle III,Standard,Secret Deck 07,Structural,,The Nymphs have found a new home,@ArgoFate 46+,Awakening Studies,FALSE,What draws them here?,,Grand Adyton: Permanent. Summon Limit: 3.; Soul-Mending: Lose 1 Priest to make a chosen Argonaut lose the Fractured Affliction,,
DA2160,Argo Academy,Last Academy,Technology,Odyssey,Cycle IV,Tarot,,Structural,Core,"Now you know the truth of the gods. It is your duty to pass it on, so no generation of mortals finds themselves in divine shackles again",—,Law Mora,FALSE,"Here the philosophers and academicians conduct their research, poring over dusty tomes and phos scripture",,"Forgotten Knowledge: Reference. When you start a new Cycle IV campaign, take all of the Combat and Structural Technology cards you have researched and remove all that have a ""Cycle III only"" tag. You won't need them in Cycle IV. Note that you will also have very limited use of Cycle III Production Facilities, so you may remove these cards too. Permanent. Crew Limit: 6, Hull Limit: 5. (You cannot gain @Crew or @Hull if they would exceed this limit.)",,
DA2161,Argo's Curse,Bridge Tholos,Technology,Odyssey,Cycle IV,Tarot,,Structural,Core,"And the voice cursed us to wander the sands like doomed Odysseus, and never find our way home. To that we say ""No"".",—,—,TRUE,From here the Argonauts challenge the Dead Gods' curse and steer the mighty Argo toward the looming Tower,,Visiting Traders: Trading,,
DA2187,Mortal Mapmakers,Tower of Folly,Technology,Odyssey,Cycle IV,Tarot,,Structural,Core,We have broken the wheel that was said to be unbreakable. Now we must chart a course through seas unknown,—,—,TRUE,"The remnants of the final battle in Delphi found their way onboard, and the curse of Persia stacked them, like a staircase to nowhere",,"Tower of Folly: The Exploration Deck has several cards showing your efforts to strip the accursed towering carcass of its paracausal power. These cards award you with Pitiless Divine resources. If you are on Story 2A or further, during the Advancement Phase, you may trade these resources for Cursed Derelict resources (any number of times):<<NL>>1 Blackened Halo <<>> 1 Cursed Derelict<<NL>>1 Burned-out Grace <<>> 1 Cursed Derelict",,
DA2197,Argo Wonders,Grand Agora,Technology,Odyssey,Cycle IV,Tarot,,Structural,Core,"Though busted and beaten, the Argo still has wonders to share: not of magic, but of dedicated hard work",—,Curse Exchange,TRUE,"To stand a chance against the Primordials, the smiths and priests of the Argo work tirelessly on new types of gear and new engineering solutions",,"Worthless Power: Reference. When instructed to apply Ascendency rules, all Gear cards with a Power Level lower than IV (and without the Ascended keyword) incur the following penalties for the remainder of the Cycle:<<NL>>(Weapons only) When you attack with this weapon, you cannot use any tokens from the Kratos Pool or place any tokens in the Kratos Pool.<<NL>>You do not benefit from {Power Re-roll X}.<<NL>>Increase all @Fate cost on the card by 3.<<NL>>(Armor and Shield only) -1 @Potential on Armor Roll<<NL>>-1 Evasion re-roll @EvasionReroll (to a minimum of 0)<<NL>>-1 Evasion bonus @Evasion (to a minimum of 0)",,
DA2198,Titanosyntrofia,Titan Stoa,Technology,Odyssey,Cycle IV,Tarot,,Structural,Core,"With the Balaneoin ruined, the Cryptex tekne remains our sole way to interact with the Titans. We need to teach them the value of mortal life",—,Superior Titan Breeding,FALSE,"Prolonged Cryptex use causes mild visual and auditory hallucinations. The Argonauts call it ""dreamwalking"".",,"Titanoaristia: Immediate. Resolve _Inwards Odyssey 40: Song of Life_ Adventure (if you haven't already). Reference. Each time a Titan dies in Battle, other Titans may gain +1 @Rage. In addition, when a Titan survives an Obol Draw, they may gain +1 @Rage (as noted on the new _You Live!_ Obol cards.; Titanomorphosis: Reference. Unliked Fused Titans, Titans created through Titan Breeding don't require a Primordial Core, unless it is specifically stated.; Titan Stoa Capacity III: Permanent. Titan Limit: 20",,
DA2199,Law Mora,,Technology,Odyssey,Cycle IV,Standard,,Structural,,The Empire's bureaucratic threat must not be underestimated,Argo Academy,"Curse Economy Basics, Persian Investigations, Sustainable Oasis",TRUE,Our negotiators have been thoroughly briefed on local trade customs,,Creative Accounting: Save. Gain +1 @ArgoFate when you are about to gain @BabelianDebt during the Voyage or Adventure Phase to test Diplomcay (7+).<<NL>>*Success:* Lower this gain @BabelianDebt gain by 1 (to a minimum of 0),,
DA2200,Curse Economy Basics,,Technology,Odyssey,Cycle IV,Standard,,Structural,,"How can an Empire that runs on deficits and curses function, let alone grow?",Law Mora,"True Value of Life, Archeohistorians",TRUE,"There are procedures here for every circumstance, even getting cursed",,Curse Traders: City Negotiation. Lose -2 @BabelianDebt to add a random Cursed Trait to the next Battle.; Recovery Procedure: Lose -2 Priests to make one Argonaut lose any Curse Affliction,,
DA2201,True Value of Life,,Technology,Odyssey,Cycle IV,Standard,,Structural,,The original Cryptexes had no escape mechanisms. It tells us much of their inventors. We're different,"Curse Resistor, Curse Economy Basics",—,FALSE,"By training the Titans, we trained ourselves. All life is worth protecting",,Cryptex Trauma Team: Gain +1 @ArgoFate when an Argonaut is about to die to ignore this death,,
DA2202,Persian Investigations,,Technology,Odyssey,Cycle IV,Standard,,Structural,,The Empire's agents hold only one allegiance: to wealth. Exploit it,Law Mora,—,TRUE,"Well-paid news travels fast, even across a barren wasteland",,Persian Scout Reports: Permanent. Gain +1 @ArgoFate to re-roll your Adventure Hub's Table roll or gain +1 @BabelianDebt to choose the Hub instead,,
DA2203,Sustainable Oasis,,Technology,Odyssey,Cycle IV,Standard,,Structural,,The Deprived are said to live in hidden oases scattered across the cursed deserts. We need to find them,Law Mora,The Dreamed Torus,TRUE,The simplest pleasures remind you what you're fighting for,,"Deprived Respite: Oasis Negotiation. Lose -1 @ArgoFate. Alternatively, gain +1 @BabelianDebt to lose -2 @ArgoFate instead.<<NL>>*Sow marks 6+: Oases Negotiation. Gain +1 @ArgoFate to gain +1 Titan",,
DA2204,Archeohistorians,,Technology,Odyssey,Cycle IV,Standard,,Structural,,"Persia, Babylon, Old Irem... This desert was once a cradle. What happened?","45+ explored Map tiles, Curse Economy Basics, Imperial Contact",—,TRUE,"The stelae of Old Irem have been methodically destroyed, yet some traces of the past remain",,Secrets of Irem: Gain +2 @ArgoFate when the _Argo_ is on an explored Map tile with @Progress symbol to test Diplomacy (7+).<<NL>>*Success:* Gain +1 @Progress or place 1 Progress token on Inward Odyssey,,
DA2205,Curse Exchange,,Technology,Odyssey,Cycle IV,Standard,,Structural,,"There is great wealth made here, on the misery of others",Argo Wonders,"Plutocratic Diplomacy, Plutocratic Agents, Merchants of the Wast, Sandstorm Navigation",TRUE,"In Thrice-Cursed Persia, everything has a price, and for a while, you can afford to pay for it",,"Backroom Deals: City Negotiation. Gain +1 @ArgoFate to lose -1 @BabelianDebt. Alternatively, gain +1 @ArgoFate and +1 @BabelianDebt to gain +1 @Crew or +1 @Hull.<<NL>>*Sow marks 10+:* You may use this ability on @Oasis tiles",,
DA2206,Plutocratic Diplomacy,,Technology,Odyssey,Cycle IV,Standard,,Structural,,"In this place even friendship can be bought. And if not friendship, then support",Curse Exchange,"Imperial Bargain, Imperial Contact",TRUE,"An exchange of goods here, a promise there, and it is as if you were bonded forever",,"Treasury Liaisons: City Negotiation. Lose 6 Cycle IV Mortal resources of your choosing and gain +1 @ArgoFate to gain +1 Diplomacy with any Faction. Instead of losing Mortal resources, you may gain +1 @BabelianDebt",,
DA2207,Plutocratic Agents,,Technology,Odyssey,Cycle IV,Standard,,Structural,,"In this accursed desert, alliances change like the winds",Curse Exchange,Divine Deals,TRUE,"For a deal to be good, someone needs to lose something",,Strategic Alliance: City Negotiation. Gain +1 @ArgoFate and lose -1 Diplomacy with any other Faction to gain +1 Diplomacy with the Local Faction and lose -1 @BabelianDebt,,
DA2208,Imperial Bargain,,Technology,Odyssey,Cycle IV,Standard,,Structural,,The Empire serves as the ultimate mediator in all disagreements,Plutocratic Diplomacy,—,TRUE,Imperial peace is bought with innocent blood,,"Broker Peace: Immediate. Choose 1 Faction you are At War with and immediately set your Diplomacy Score with this Faction to -8. Lose -3 Diplomacy with any other Faction, and gain +1 @Progress. This ability ignores the normal restrictions of the 'At War' Diplomacy Threshold",,
DA2209,Imperial Contact,,Technology,Odyssey,Cycle IV,Standard,,Structural,,"We need to establish a representative to the Empire, so someone will take care of our business. For the Empire certainly won't","30+ explored Map tiles, Plutocratic Diplomacy",Archeohistorians,TRUE,"Once in the good graces of the bablos, information starts trickling down",,"Bribing the Babloses: Immediate. Add the [Whispers on the Wind|DB2150] Exploration card to the Exploration deck.<<NL>>Whenever you have to pay with @ArgoFate or @BabelianDebt, you may substitute one or the other by drawing a random Cursed Trait that will be added to the next Battle",,
DA2210,Divine Deals,,Technology,Odyssey,Cycle IV,Standard,,Structural,,Some of the most powerful djinns of the Empire are said to be able to bend the Divine itself,Plutocratic Agents,—,TRUE,"Is it worth it, in the end?",,"Wealth is Power: Gain +1 @BabelianDebt and +1 @Doom to replenish 1 Summon Chage, 1 Summoning, or 1 Godform",,
DA2211,Sandstorm Navigation,,Technology,Odyssey,Cycle IV,Standard,,Structural,,The cursed winds make reliable navigation nigh impossible. Time to change it,"10+ explored Map tiles, Curse Exchange","Sandstorm Sailing, Argo Cloud Operations",TRUE,"This contraption is not a compass at all, but it does what it needs to",,Babylonian Compass: Gain +1 @ArgoFate to ignore the effects of the [Wrath of the Anemoi|DB2116] Exploration card,,
DA2212,Sandstorm Sailing,,Technology,Odyssey,Cycle IV,Standard,,Structural,,"Thanks to the Bags of Aiolos, Odysseus's ship could travel long distances over silent seas","25+ explored Map tiles, Sandstorm Navigation",Odyssey Training,TRUE,So too can the Argo harness the errant breath of the Anemoi,,"Breathsail of the Anemoi: When you are about to move the _Argo_, gain +2 @ArgoFate to move the _Argo_ two times instead, through explored tiles, in a straight line. Do not resolve any other Voyage steps on the first tile you move to. Then, @Adversary",,
DA2213,Odyssey Training,,Technology,Odyssey,Cycle IV,Standard,,Structural,,"The hardships we take on ourselves willingly are the hardest to bear, but bear them we will","45+ explored Map tiles, Sanstorm Sailling",—,TRUE,Odysseus wandered ten years so you wouldn't have to,,"The Course is Ever True: Gain +1 @ArgoFate to ignore the effects of [Odysseus's Curse|DB2114] Exploration card. If you still follow the randomly chosen direction, lose -1 @BabelianDebt",,
DA2214,Merchants of the Waste,,Technology,Odyssey,Cycle IV,Standard,,Structural,,Dozens of caravans cross the deserts daily. You just need to know where to look,Curse Exchange,Bankers of the Waste,TRUE,Demand drives the prices,,"Trade Routes: Immediate. Add the [Persian Trader|DB2157] Exploration card to the Exploration deck.; City Negotiation. Gain +1 @BabelianDebt to draw two Exploration cards. Choose one, discard the other. If the card gives you resources or Titans, resolve it. Otherwise, discard it without effect",,
DA2215,Bankers of the Waste,,Technology,Odyssey,Cycle IV,Standard,,Structural,,The bankers of the Empire will gladly help you avoid imminent doom... for a price,Merchants of the Waste,—,TRUE,"So they may seal your doom later, in a most profitable manner",,Price of Salvation: Save. Gain +1 @ArgoFate and +1 @BabelianDebt when you are about to lose @Crew during the Voyage or Adventure Phase to test Diplomacy (7+).<<NL>>*Success:* Lower this @Crew loss by 1 (to a minimum of 0),,
DA2216,Argo Cloud Operations,,Technology,Odyssey,Cycle IV,Standard,,Structural,,"By expanding the cloud fleet, the Argo will be able to maintain its presence during high altitude battles","Sandstorm Navigation, Superior Titan Breeding",Salvage Operations,,What wonderful freedom! If only you had these during the Nietzschean War,,Argo Support IV: Permanent. AA Limit: 5,,
DA2217,Superior Titan Breeding,,Technology,Odyssey,Cycle IV,Standard,,Structural,,"Though the paradox at the center of Delphi has been obiated, it irreversibly changed some of your Titan strains",Titanosyntrofia,Argo Cloud Operations,,Your time in Delphi... It showed you the only way was forward,,"Delphian Strains Breeding: Lose 1 Dreamwalker Titan to note a _Returner, Ascender,_ or _Dawnburner_ Event on the Timeline, 10 days from now. When you resolve this event, gain one Titan of the corresponding class. You cannot use this ability again until you resolve the event.; Accelerated Delphian Breeding: You may gain +1 @ArgoFate to use Delphian Strains Breeding with Cooldown: 12 days. If you do, write the chosen Breeding event 5 days from now instead",,
DA2218,Kiss of Mnemosyne,,Technology,Odyssey,Cycle IV,Standard,Secret Deck 13,Structural,,A bitter kiss,@ArgoKnowledge 78+,—,,A love lost is a new beginning for those who dare to hope,,"Memory Shaping: When you activate a new Argonaut, gain +1 @ArgoFate to choose a Mnemos card from the Mnemos Vault instead, or if, you have 4+ Alpha adventures marked, gain +3 @ArgoFate to choose 2 Mnemos cards from the Mnemos Vault instead",,
DA2219,Salvage Operations,,Technology,Odyssey,Cycle IV,Standard,,Structural,,These cursed winds will erod you into nothingness as surely as the passage of aeons,Argo Cloud Operations,—,,Specialized recovery crews risk life and limb to retrieve lose equipment,,"Recovery Enamota: Gain +1 @ArgoFate to draw a single Exploration card. If the card gives you resources or Titans, resolve it. Otherwise, discard it without effect",,
DA2220,The Dreamed Torus,,Technology,Odyssey,Cycle IV,Standard,,Structural,,"Once you had a dream of a sustainable cycle of growth, decay, and rebirth","Sustainable Oasis, 3+ Sow tally marks",—,TRUE,Others shared it,,Rejuvenate Land: Immediate. Make 1 Sow tally mark.<<NL>>Oasis Negotiation. Lose -1 @BabelianDebt.<<NL>>*Sow marks 8+:* Oasis Negotiation. Gain +1 @ArgoFate to make one Argonaut lose any Curse Affliction,,
DA2224,The Work is Never Done,,Technology,Odyssey,Cycle IV,Standard,Secret Deck 13,Structural,,This is his legacy,"Sisyphus Gear, Dahaka LVL 1 Battle",—,,Not all tears are an evil,,"Final Tear: You may use this as a *Sisyphus Tear*. If you do, discard this card and note a _Final Tear_ Event on the Timeline, 30 days from now. When you resolve this event, gain this card. You cannot use this ability again until you resolve this event",,
EA2722,Sharing the Knowledge,Last Academy,Technology,Odyssey,Cycle V,Tarot,Secret Deck 16,Structural,Core,You have sat on this trasure trove of knowledge like an ancient dragon. Maybe they are right. Maybe it is time to share your achievements with the world...,—,"Argo Crew Rebuilding, Scientific Debunking",,"Here the philosophers and academicians conduct their research, poring over dusty tomes and phos scripture",,"Forgotten Knowledge: Reference. When you start a new Cycle V campaign, take all of the Combat and Structural Technology cards you have researched and remove all that have a ""Cycle IV only"" tag. You won't need them in Cycle V. Note that you will also have very limited use of Cycle IV Production Facilities, so you may remove these cards too. Permanent. Crew Limit: 6, Hull Limit: 6. (You cannot gain @Crew or @Hull if they would exceed this limit.)",,
EA2723,Voyage Home,Damaged Bridge Tholos,Technology,Odyssey,Cycle V,Tarot,Secret Deck 16,Structural,Core,The Old Priest is gone. The Argo is worse for wear. Jason holds it together. Just this one more thing...,—,Underwater Scouting,,"The bridge, though much diminished, still servers its purpose",,Visiting Traders: Gain +1 @ArgoFate to Trading.<<NL>>*Cooldown:* 7 days,,
EA2749,The Last Wish,Nereidan Shell,Technology,Odyssey,Cycle V,Tarot,Secret Deck 16,Structural,Core,The Last Wish of parting souls has granted the Argo a waterproof shell so it could traverse an underground river back to the Great Sea. Who knew it would become essential to your survival. Is this her providence or merely serendipity?,—,Underwater Scouting,,"The ship can extend the Shell on command, as if it is growing it. However, without an oxygen generation system, time underwater is very limited",,"Recycled Growth: The Exploration Deck has several cards showing your mining efforts. These cards award you with Babelian Lunacy Primordial resources. If oyu are on Story 2A or further, during the Advancement Phase, you may trade these resources for Atlantean Tekne resources (any number of times): Trading.; Nereidan Move: Argo Oxygen Limit: 1(_Argo_ gains 1 Oxygen token). If you're submerged at the start of the Voyage Phase, flip 1 Oxygen token; if you canont, either immediately surface or lose -1 @Hull instead. If you're surfaced at the start of the Voyage Phase, flip 1 Aether token. During each Movement Step, before moving, you may surface or gain +1 @ArgoFate to submerge.; Emergency Submersion: Lose -1 @Hull to submerge when the Nemesis is about ot enter your space or when prompted (the Nemesis does not move onto your tile)",,
EA2761,The Future of the Argo,Half-Lit Agora,Technology,Odyssey,Cycle V,Tarot,Secret Deck 16,Structural,Core,"Though busted and beaten, the Argo still has wonders to share: not of magic, but of dedicated hard work",—,Grassroots Diplomacy,,"Repairing the Argo is far beyond your capabilities, but you will make do",,"Lying Power: Reference. When instructed to apply Ascendency rules, all Gear cards with a Power Level lower than V (and without the Ascended keyword) incur the following penalties for the remainder of the Cycle:<<NL>>(Weapons only) When you attack with this weapon, you cannot use any tokens from the Kratos Pool or place any tokens in the Kratos Pool.<<NL>>You do not benefit from {Power Re-roll X}.<<NL>>Increase all @Fate cost on the card by 4.<<NL>>(Armor and Shield only) -1 @Potential on Armor Roll<<NL>>-1 Evasion re-roll @EvasionReroll (to a minimum of 0)<<NL>>-1 Evasion bonus @Evasion (to a minimum of 0)",,
EA2762,Shared Fates,Titan Oikos,Technology,Odyssey,Cycle V,Tarot,Secret Deck 16,Structural,Core,"Realizing they are both weapons, one way or the other, the Argonauts' bond with the Titans grows even stronger",—,Ultimate Titan Breeding,,Dreamwalking Argonauts report having hazy visions of faraway lands. It becomes hard for them to discern what's real and what's not,,"Titanoaristia: Immediate. Resolve _Inwards Odyssey 40: Song of Life_ Adventure (if you haven't already). Reference. Each time a Titan dies in Battle, other Titans may gain +1 @Rage. In addition, when a Titan survives an Obol Draw, they may gain +1 @Rage (as noted on the new _You Live!_ Obol cards.; Titanomorphosis: Reference. Unliked Fused Titans, Titans created through Titan Breeding don't require a Primordial Core, unless it is specifically stated.; Titan Stoa Capacity III: Permanent. Titan Limit: 20",,
EA2763,Argo Crew Rebuilding,,Technology,Odyssey,Cycle V,Standard,,Structural,,"Persia was a harsh land, and the journey through Phlegeton grueling",Sharing the Knowledge,Argo Philosophy,,"With the Cyclades touched by an environmental disaster, there is no shortage of volunteers",,Argo Comissions: City Negotiation. Gian +1 @ArgoFate to gain +1 @Crew and +1 @Paranoia,,
EA2764,Argo Philosophy,,Technology,Odyssey,Cycle V,Standard,,Structural,,The Symmachy's ideas are rubbing off on you. You don't know if that's a good thing,Argo Crew Rebuilding,"Argo Initiative, Spiral Theory",,"No mortal or Titan left behind, no task too great for the many hands of the Argo",,Argo Syneikismos: Save. Gain +1 @ArgoFate when you are about to lose @Crew during the Voyage or Adventure Phase to test Diplomacy (7+).<<NL>>*Success:* Lower this @Crew loss by 1 (to a minimum of 0),,
EA2765,Argo Initiative,,Technology,Odyssey,Cycle V,Standard,,Structural,,"If you are to help these people, you first need to help yourselves",Argo Philosophy,Atlantean Investigations,,A few fast hemiolias traveling from polis to polis,,Cyclades Recruitment: Lose 8 Atlantean Tekne resources to add the [Cyclades Recruitment Drive|EB2721] Exploration card to the Exploration deck,,
EA2766,Atlantean Investigations,,Technology,Odyssey,Cycle V,Standard,,Structural,,The Cyclades are a melting pot of cultures and superstitions. You need to be able to tell truth from myth,"Argo Initiative, Cyclades Intelligence",Pattern Deciphering,,"Between the islands and the fallen underwater kingdom of Atlantis, there is so much lost knowledge here...",,"Cyclades Scout Reports: Gain +1 @ArgoFate to roll twice for the Adventure Hubs Table and choose one result (once). If you roll the same result on both dice, choose the hub instead",,
EA2767,Pattern Deciphering,,Technology,Odyssey,Cycle V,Standard,,Structural,,The Silver Ones ruins hold many mysteries. You would do well to decipher them,"30+ explored Map tiles, Atlantean Investigations",—,,"There are at least two distinct scripts here. Also, it is very curious to find Centimanes and Babelian symbols here",,Ancient Truths: Gain +1 @ArgoFate when the _Argo_ is on an explored Map tile with @Progress symbol to test Diplomacy (7+).<<NL>>*Success:* Gain +1 @Progress.<<NL>>Gain +2 @ArgoFate when the _Argo_ is on an explored Map tile with @SilverRemnant symbol to test Diplomacy (7+).<<NL>>*Success:* Gain +1 @ArgoKnowledge,,
EA2768,Scientific Debunking,,Technology,Odyssey,Cycle V,Standard,,Structural,,"The ""Cradle of the Old Faiths"" is gripped by the crude hand of superstition",Sharing the Knowledge,"The Peace Mission, Cyclades Intelligence, Spiral Theory",,"Taking a cue from the Followers of Areté, you send out ""philosopher pilgrims"", to spread more accurate knowledge of the natural world",,Scientific Method: Save. Gain +1 @ArgoFate when you are about to gain @Paranoia to test Diplomacy (7+).<<NL>>*Success:* Lower this @Paranoia gain by 1 (to a minimum of 0). City Negotiation. Gain +1 @ArgoFate to lose -1 @Paranoia,,
EA2769,The Peace Mission,,Technology,Odyssey,Cycle V,Standard,,Structural,,"With various factions and religions vying for power, the Cyclades are on the verge of a brutal civil war. You need to prevent that from happening","Scientific Debunking, Grassroots Diplomacy",Spiral Theory,,"You send diplomats to the various factions, to diffuse growing tensions",,Peace Emissaries: Immediate. Add the [Peace Emissaries|EB2713] Exploration card to the Exploration deck,,
EA2770,Cyclades Intelligence,,Technology,Odyssey,Cycle V,Standard,,Structural,,"As the situation in the Cyclades deteriorates, you need more concrete intelligence, also of the military kind",Scientific Debunking,Atlantean Investigations,,"Agents are alrady here, though some of them may also work for the Symmachy",,Symmachy Liaisons: Immediate. Add the [Symmachy Liaisons|EB2712] Exploration card to the Exploration deck,,
EA2771,Spiral Theory,,Technology,Odyssey,Cycle V,Standard,,Structural,,"These ruins have stood here for aeons and, curiously, the Silver Ones who counseled Atlantis did not reclaim them. Why?","Argo Philosophy, Scientific Debunking, The Peace Mission","Fresher Start, Phobian Psychology",,These spiral patterns tell of the cyclical nature of the world... perhaps. Perhaps you are grasping. But it is no coincidence that sirens congregate here,,"Eldritch Knowledge: SilverRemnant Negotiation. Lose -1 @ArgoFate.<<NL>>*Fleeting Truth:* When you gain @ArgoKnowledge, instead of gaining it, you may lose -2 @ArgoFate",,
EA2772,Fresher Start,,Technology,Odyssey,Cycle V,Standard,,Structural,,"You have burned many bridges, and the walls are closing in around you. You need to disappear","Spiral Theory, Tight-spaces Navigation",—,,"Weeks of planning and preparation allow you to submerge for much, much longer. You doubt the crew could survive another ""silent run"" like this one, though",,"Go Off Grid: Immediate. Gian +1 Unavoidable @Doom to remove the Nemesis and all Adversaries from the Map. Additionally, choose 1 Faction that is Aligned With Nemesis and immediately set your Diplomacy Score with this Faction to -9.<<NL>>This ability ignores the normal restrictions of the ""Aligned With Nemesis"" Diplomacy Threshold",,
EA2773,Grassroots Diplomacy,,Technology,Odyssey,Cycle V,Standard,,Structural,,"Lines are being drawn, and those whose favor you're not currying are aligning themselves with the Other. You need to fight for the future",The Future of the Argo,"The Peace Mission, Cyclades Commerce, Mortal Alliance",,Establishing permanent diplomatic relations is a start,,"Cyclades Emissaries: City Negotiation. Lose 4 Cycle V Mortal resources of your choosing and gain +1 @ArgoFate to gain +1 Diplomacy with the Local Faction, or 12 Mortal resources of your choosing and gain +1 @ArgoFate to gain +1 Diplomacy with any Faction",,
EA2774,Cyclades Commerce,,Technology,Odyssey,Cycle V,Standard,,Structural,,Trade and trade relations are the foundations of lasting peace,Grassroots Diplomacy,"Cyclades Information Circulation, Moirai Rebellion, New Oikos",,The Argo is in a unique position to serve as both cargo vessel and trading hub for the people of the Cyclades,,Islandic Trade Routes: City Negotation. Trading. Immediate. Add the [Familiar Theban Trader|EB2720] card to the Exploration deck,,
EA2775,Cyclades Information Circulation,,Technology,Odyssey,Cycle V,Standard,,Structural,,"There are many half-truths, lies, and myths that still shape the Cyclades. You need to combat this misinformation",Cyclades Commerce,—,,"Information is a good, especially if it is reliable",,Information Agora: City Negotiation. Gain +1 @ArgoFate and +1 @Paranoia to gain +1 @Progress,,
EA2776,Underwater Scouting,,Technology,Odyssey,Cycle V,Standard,,Structural,,The seabed remains woefully unexplored,"Voyage Home, The Last Wish",Improved Submergence,,"Repurposed from Atlantean ""elevators""",,"Scout Bathysphere: Gain +1 @ArgoFate to see the underwater side of your current or adjacent Map tile. Alternatively, for free, roll a d10; on a 6+, see the underwater side of your current or adjacent Map tile",,
EA2777,Improved Submergence,,Technology,Odyssey,Cycle V,Standard,,Structural,,"Though the Last Wish was grand, it can be improved upon","18+ explored Map tiles, Underwater Scouting","Tight-spaces Navigation, Atlantean Docking Procedures",,Vacuum-sealed cargo holds are turned into oxygen tanks for longer submersion periods,,Oxygen Tanks: Permanent. Argo Oxygen Limit: 2 (the _Argo_ gains an additional Oxygen token),,
EA2778,Tight-Spaces Navigation,,Technology,Odyssey,Cycle V,Standard,,Structural,,The Argo was not designed with underwater navigation in mind,Improved Submergence,"Fresher Start, Superior Submergence, Gaia's Stepchildren",,A system of lookouts across the ship will allow for precise movement,UnderwaterCave,Nereidan Crow Nests: Permanent. You can move through @Lock waterways with @UnderwaterCave symbol. Underwater City Negotiation. Gain +1 @ArgoFate to flip 1 Aether token,,
EA2779,Superior Submergence,,Technology,Odyssey,Cycle V,Standard,,Structural,,The Atlantean cities stood on the seabed for centuries. How?,"35+ explored Map tiles, Tight-spaces Navigation",—,,Repurposed Atlantean tekne allows for limited recycling of used air,,Nereidan Oxygen Stations: Permanent. Argo Oxygen Limit: 3 (the _Argo_ gains an additional Oxygen token).; Depths Nymph's Blessing: Use your Depths Nymph Summoning Charge to immediately flip 1 Aether token,,
EA2780,Moirai Rebellion,,Technology,Odyssey,Cycle V,Standard,,Structural,,No longer will the gods dictate how the world is run,Cyclades Commerce,"Phobian Psychology, Atlantean Docking Procedures",,"You invite the arguments, for scrutiny and testing are how progress is made",,Temple Debates: Underwater City Negotiation. Lose -2 @ArgoFate,,
EA2781,Phobian Psychology,,Technology,Odyssey,Cycle V,Standard,,Structural,,Crete showed tending to the wounds on the soul is as crucial as those on the body,"Spiral Theory, Moirai Rebellion",—,,"Constant fear can lead to lasting anxiety, but so too can lasting help disperse it",,Psychological Care: Lose -1 Priest to make one Argonaut lose any Phobia Affliction or gain 1 Fated Mnemos node. City Negotiation. Lose -2 Priests to gain 1 Echo of Recollection Divine resource,,
EA2782,Atlantean Docking Procedures,,Technology,Odyssey,Cycle V,Standard,,Structural,,Atlantean airbridges allowed subremes to quickly dock with underwater cities,"Improved Submergence, Moirai Rebellion","Mortal Alliance, Atlantean Maintenance Procedures, Gaia's Stepchildren",,The Argo aribridge whoe length runs the entirety of the hull will tremendously speed up embarking and disembarking,,"Visiting Polis: Permanent. As long as the Local Faction is not Aligned With Nemesis, each @ArgoFate used to activate a Negotiation ability can be used to activate another Negotiation ability",,
EA2783,Mortal Alliance,,Technology,Odyssey,Cycle V,Standard,,Structural,,"Through constant recruitment and unfortunate attrition, the Argo has become a true alliance of all peoples of Hellas--and beyond","Grassroots Diplomacy, Atlantean Docking Procedures",—,,All are welcome on the Argo,,"Cyclades Cooperation: Permanent. When on a tile adjacent to a Map tile with a @City, you may use a single @City Negotiation ability as if you were on that tile. Place the Last Visited City token on that @City Map tile",,
EA2784,Atlantean Maintenance Procedures,,Technology,Odyssey,Cycle V,Standard,,Structural,,"The Atlanteans could perform miraculous repairs, even underwater",Atlantean Docking Procedures,—,,"Though in state of great disrepair, some Atlantean maintenance facilities can still be found in Cycladean poleis; you need only restore them",,Port Maintenance: City Negotiation. Gain +1 @ArgoFate to gain +1 @Hull,,
EA2785,Ultimate Titan Breeding,,Technology,Odyssey,Cycle V,Standard,,Structural,,The curses of Persia had a profound and irreversible effect on some of your Titans,Shared Fates,New Oikos,,The world is yours now. And so is the responsibility,,"Persian Strains Breeding: Lose 1 Dreamwalker Titan to note a _Cloudsoarer, Wishender,_ or _Lunarlander_ Event on the Timeline, 10 days from now, or a _Shadowdancer_ Event, 14 days from now. When you resolve this event, gain one Titan of the corresponding class. You cannot use this ability again until you resolve the event.; Accelerated Persian Breeding: You may gain +1 @ArgoFate to use Persian Strains Breeding with Cooldown: 12 days. If you do, write the chosen Breeding event 5 days from now instead",,
EA2786,New Oikos,,Technology,Odyssey,Cycle V,Standard,,Structural,,"Even though it has been decades since they were under the gods' control, people still fear the Titans","Ultimate Titan Breeding, Cyclades Commerce",—,,The Titans of this age are docile and fall prey to mortal hunters. You will pay good money to take them off their hands and give them a better life... once all this is over,,Titan Reclaiming: City Negotiation. Gain +1 @ArgoFate to gain +1 Titan. Immediate. Add the [Reclaimed Titan|EB2681] Exploration card to the Exploration deck,,
EA2787,Gaia's Stepchildren,,Technology,Odyssey,Cycle V,Standard,,Structural,,The truth of the gods demise is as frightening as it is liberating. You need to forge a new way forward,"Atlantean Docking Procedures, Tight-spaces Navigation",—,,Life finds a way,,Mortals Prevail: Permanent. You may use @City or underwater @UnderwaterCity Negotiation abilities on spaces covered by Ruins. Place the appropriate Last Visited token on that Map tile,,
EA2788,Mnestis Training,,Technology,Odyssey,Cycle V,Standard,Secret Deck 15,Structural,,"Mock combat training will not cut it, not in these fathomless depths",—,—,,The refined Mnestis tekne allows for on-the-fly combat situations,,"Mnestis Simulation: Permanent. You may gain +1 @ArgoFate to add a Mnestis Simulation to the Timeline, 1 day from now (See Mnestis Simulation Battles in the Storybook, p. 11), with Cooldown: 12 days",,